Project ID,Project Name,Node Type,Path,Depth,Node ID,Start Date,Finish Date
a1a8003e-d7eb-488b-b6b6-9f989b889636,SPS,Area,SPS,1,7424,,
a1a8003e-d7eb-488b-b6b6-9f989b889636,SPS,Area,SPS\Field Problems,2,7646,,
a1a8003e-d7eb-488b-b6b6-9f989b889636,SPS,Area,SPS\Watson,2,7650,,
a1a8003e-d7eb-488b-b6b6-9f989b889636,SPS,Area,SPS\UX,2,8902,,
a1a8003e-d7eb-488b-b6b6-9f989b889636,SPS,Area,SPS\Archive,2,9452,,
a1a8003e-d7eb-488b-b6b6-9f989b889636,SPS,Area,SPS\Archive\SCB,3,7480,,
a1a8003e-d7eb-488b-b6b6-9f989b889636,SPS,Area,SPS\Archive\ZTS,3,7487,,
a1a8003e-d7eb-488b-b6b6-9f989b889636,SPS,Area,SPS\Archive\Audit,3,7640,,
a1a8003e-d7eb-488b-b6b6-9f989b889636,SPS,Area,SPS\Archive\Analytics,3,7641,,
a1a8003e-d7eb-488b-b6b6-9f989b889636,SPS,Area,SPS\Archive\Best,3,7642,,
a1a8003e-d7eb-488b-b6b6-9f989b889636,SPS,Area,SPS\Archive\Core,3,7643,,
a1a8003e-d7eb-488b-b6b6-9f989b889636,SPS,Area,SPS\Archive\Integration,3,7644,,
a1a8003e-d7eb-488b-b6b6-9f989b889636,SPS,Area,SPS\Archive\Platform,3,7645,,
a1a8003e-d7eb-488b-b6b6-9f989b889636,SPS,Area,SPS\Archive\UI,3,7647,,
a1a8003e-d7eb-488b-b6b6-9f989b889636,SPS,Area,SPS\Archive\Indexer,3,7649,,
a1a8003e-d7eb-488b-b6b6-9f989b889636,SPS,Area,SPS\Archive\Audit and Analytics,3,8246,,
a1a8003e-d7eb-488b-b6b6-9f989b889636,SPS,Area,SPS\Archive\CatDog,3,8247,,
a1a8003e-d7eb-488b-b6b6-9f989b889636,SPS,Area,SPS\Archive\Data Science,3,8248,,
a1a8003e-d7eb-488b-b6b6-9f989b889636,SPS,Area,SPS\Archive\PAM-force,3,8249,,
a1a8003e-d7eb-488b-b6b6-9f989b889636,SPS,Area,SPS\Archive\Shield,3,8250,,
a1a8003e-d7eb-488b-b6b6-9f989b889636,SPS,Area,SPS\Archive\Virag Benedek,3,8251,,
a1a8003e-d7eb-488b-b6b6-9f989b889636,SPS,Area,SPS\Archive\VP UI,3,8252,,
a1a8003e-d7eb-488b-b6b6-9f989b889636,SPS,Area,SPS\Archive\Safeguard Cloud Services,3,9175,,
a1a8003e-d7eb-488b-b6b6-9f989b889636,SPS,Area,SPS\Archive\Glome,3,9401,,
a1a8003e-d7eb-488b-b6b6-9f989b889636,SPS,Area,SPS\Incoming,2,10303,,
a1a8003e-d7eb-488b-b6b6-9f989b889636,SPS,Area,SPS\TC,2,10304,,
a1a8003e-d7eb-488b-b6b6-9f989b889636,SPS,Area,SPS\TC\Documentation,3,7631,,
a1a8003e-d7eb-488b-b6b6-9f989b889636,SPS,Area,SPS\TC\Bug backlog,3,9888,,
a1a8003e-d7eb-488b-b6b6-9f989b889636,SPS,Area,SPS\Dev,2,10305,,
a1a8003e-d7eb-488b-b6b6-9f989b889636,SPS,Area,SPS\Dev\Virtual QA,3,7648,,
a1a8003e-d7eb-488b-b6b6-9f989b889636,SPS,Area,SPS\Dev\Rangers,3,9398,,
a1a8003e-d7eb-488b-b6b6-9f989b889636,SPS,Area,SPS\Dev\Feature backlog,3,9402,,
a1a8003e-d7eb-488b-b6b6-9f989b889636,SPS,Area,SPS\Dev\Bug backlog,3,9403,,
a1a8003e-d7eb-488b-b6b6-9f989b889636,SPS,Area,SPS\Dev\A-Team,3,9404,,
a1a8003e-d7eb-488b-b6b6-9f989b889636,SPS,Area,SPS\Dev\SPS Security backlog,3,10277,,
a1a8003e-d7eb-488b-b6b6-9f989b889636,SPS,Area,SPS\Dev\Incoming,3,11151,,
a1a8003e-d7eb-488b-b6b6-9f989b889636,SPS,Iteration,SPS,1,7416,,
a1a8003e-d7eb-488b-b6b6-9f989b889636,SPS,Iteration,SPS\Watson,2,7625,,
a1a8003e-d7eb-488b-b6b6-9f989b889636,SPS,Iteration,SPS\Watson\22s13,3,8224,2022-10-27T00:00:00Z,2022-11-09T00:00:00Z
a1a8003e-d7eb-488b-b6b6-9f989b889636,SPS,Iteration,SPS\Watson\22s14,3,8225,2022-11-10T00:00:00Z,2022-11-23T00:00:00Z
a1a8003e-d7eb-488b-b6b6-9f989b889636,SPS,Iteration,SPS\Watson\22s15,3,8226,2022-11-24T00:00:00Z,2022-12-07T00:00:00Z
a1a8003e-d7eb-488b-b6b6-9f989b889636,SPS,Iteration,SPS\Watson\22s16,3,8227,2022-12-08T00:00:00Z,2023-01-04T00:00:00Z
a1a8003e-d7eb-488b-b6b6-9f989b889636,SPS,Iteration,SPS\Watson\23s01,3,8976,2023-01-05T00:00:00Z,2023-01-18T00:00:00Z
a1a8003e-d7eb-488b-b6b6-9f989b889636,SPS,Iteration,SPS\Watson\23s02,3,8977,2023-01-19T00:00:00Z,2023-02-01T00:00:00Z
a1a8003e-d7eb-488b-b6b6-9f989b889636,SPS,Iteration,SPS\Watson\23s03,3,8978,2023-02-02T00:00:00Z,2023-02-15T00:00:00Z
a1a8003e-d7eb-488b-b6b6-9f989b889636,SPS,Iteration,SPS\Watson\23s04,3,9020,2023-02-16T00:00:00Z,2023-03-01T00:00:00Z
a1a8003e-d7eb-488b-b6b6-9f989b889636,SPS,Iteration,SPS\Watson\23s05,3,9021,2023-03-02T00:00:00Z,2023-03-15T00:00:00Z
a1a8003e-d7eb-488b-b6b6-9f989b889636,SPS,Iteration,SPS\Watson\23s06,3,9022,2023-03-16T00:00:00Z,2023-03-29T00:00:00Z
a1a8003e-d7eb-488b-b6b6-9f989b889636,SPS,Iteration,SPS\Watson\23s07,3,9181,2023-03-30T00:00:00Z,2023-04-12T00:00:00Z
a1a8003e-d7eb-488b-b6b6-9f989b889636,SPS,Iteration,SPS\Watson\23s08,3,9182,2023-04-13T00:00:00Z,2023-04-26T00:00:00Z
a1a8003e-d7eb-488b-b6b6-9f989b889636,SPS,Iteration,SPS\Watson\23s09,3,9237,2023-04-27T00:00:00Z,2023-05-10T00:00:00Z
a1a8003e-d7eb-488b-b6b6-9f989b889636,SPS,Iteration,SPS\Watson\23s10,3,9238,2023-05-11T00:00:00Z,2023-05-24T00:00:00Z
a1a8003e-d7eb-488b-b6b6-9f989b889636,SPS,Iteration,SPS\Watson\23s11,3,9239,2023-05-25T00:00:00Z,2023-06-07T00:00:00Z
a1a8003e-d7eb-488b-b6b6-9f989b889636,SPS,Iteration,SPS\Watson\23s12,3,9252,2023-06-08T00:00:00Z,2023-06-21T00:00:00Z
a1a8003e-d7eb-488b-b6b6-9f989b889636,SPS,Iteration,SPS\Watson\23s13,3,9253,2023-06-22T00:00:00Z,2023-07-05T00:00:00Z
a1a8003e-d7eb-488b-b6b6-9f989b889636,SPS,Iteration,SPS\Watson\23s14,3,9274,2023-07-06T00:00:00Z,2023-07-19T00:00:00Z
a1a8003e-d7eb-488b-b6b6-9f989b889636,SPS,Iteration,SPS\Watson\23s15,3,9275,2023-07-20T00:00:00Z,2023-08-02T00:00:00Z
a1a8003e-d7eb-488b-b6b6-9f989b889636,SPS,Iteration,SPS\Watson\23s16,3,9313,2023-08-03T00:00:00Z,2023-08-16T00:00:00Z
a1a8003e-d7eb-488b-b6b6-9f989b889636,SPS,Iteration,SPS\Watson\23s17,3,9314,2023-08-17T00:00:00Z,2023-08-30T00:00:00Z
a1a8003e-d7eb-488b-b6b6-9f989b889636,SPS,Iteration,SPS\Watson\23s18,3,9332,2023-08-31T00:00:00Z,2023-09-13T00:00:00Z
a1a8003e-d7eb-488b-b6b6-9f989b889636,SPS,Iteration,SPS\Watson\23s19,3,9333,2023-09-14T00:00:00Z,2023-09-27T00:00:00Z
a1a8003e-d7eb-488b-b6b6-9f989b889636,SPS,Iteration,SPS\Watson\23s20,3,9387,2023-09-28T00:00:00Z,2023-10-09T00:00:00Z
a1a8003e-d7eb-488b-b6b6-9f989b889636,SPS,Iteration,SPS\Watson\23s21,3,9388,2023-10-10T00:00:00Z,2023-10-23T00:00:00Z
a1a8003e-d7eb-488b-b6b6-9f989b889636,SPS,Iteration,SPS\Watson\23s22,3,9446,2023-10-24T00:00:00Z,2023-11-15T00:00:00Z
a1a8003e-d7eb-488b-b6b6-9f989b889636,SPS,Iteration,SPS\Watson\23s23,3,9455,2023-11-16T00:00:00Z,2023-11-29T00:00:00Z
a1a8003e-d7eb-488b-b6b6-9f989b889636,SPS,Iteration,SPS\Watson\23s24,3,9456,2023-11-30T00:00:00Z,2023-12-31T00:00:00Z
a1a8003e-d7eb-488b-b6b6-9f989b889636,SPS,Iteration,SPS\Watson\24s01,3,9469,2024-01-01T00:00:00Z,2024-01-10T00:00:00Z
a1a8003e-d7eb-488b-b6b6-9f989b889636,SPS,Iteration,SPS\Watson\24s02,3,9487,2024-01-11T00:00:00Z,2024-01-24T00:00:00Z
a1a8003e-d7eb-488b-b6b6-9f989b889636,SPS,Iteration,SPS\Watson\24s03,3,9488,2024-01-25T00:00:00Z,2024-02-07T00:00:00Z
a1a8003e-d7eb-488b-b6b6-9f989b889636,SPS,Iteration,SPS\Watson\24s04,3,9553,2024-02-08T00:00:00Z,2024-02-21T00:00:00Z
a1a8003e-d7eb-488b-b6b6-9f989b889636,SPS,Iteration,SPS\Watson\24s05,3,9554,2024-02-22T00:00:00Z,2024-03-06T00:00:00Z
a1a8003e-d7eb-488b-b6b6-9f989b889636,SPS,Iteration,SPS\Watson\24s06,3,9613,2024-03-07T00:00:00Z,2024-03-20T00:00:00Z
a1a8003e-d7eb-488b-b6b6-9f989b889636,SPS,Iteration,SPS\Watson\24s07,3,9616,2024-03-21T00:00:00Z,2024-04-03T00:00:00Z
a1a8003e-d7eb-488b-b6b6-9f989b889636,SPS,Iteration,SPS\Watson\24s08,3,9670,2024-04-04T00:00:00Z,2024-04-17T00:00:00Z
a1a8003e-d7eb-488b-b6b6-9f989b889636,SPS,Iteration,SPS\Watson\24s09,3,9736,2024-04-18T00:00:00Z,2024-05-01T00:00:00Z
a1a8003e-d7eb-488b-b6b6-9f989b889636,SPS,Iteration,SPS\Watson\24s10,3,9737,2024-05-02T00:00:00Z,2024-05-15T00:00:00Z
a1a8003e-d7eb-488b-b6b6-9f989b889636,SPS,Iteration,SPS\Watson\24s11,3,9738,2024-05-16T00:00:00Z,2024-05-29T00:00:00Z
a1a8003e-d7eb-488b-b6b6-9f989b889636,SPS,Iteration,SPS\Watson\24s12,3,9759,2024-05-30T00:00:00Z,2024-06-12T00:00:00Z
a1a8003e-d7eb-488b-b6b6-9f989b889636,SPS,Iteration,SPS\Watson\24s13,3,9760,2024-06-13T00:00:00Z,2024-06-26T00:00:00Z
a1a8003e-d7eb-488b-b6b6-9f989b889636,SPS,Iteration,SPS\Watson\24s14,3,9775,2024-06-27T00:00:00Z,2024-07-10T00:00:00Z
a1a8003e-d7eb-488b-b6b6-9f989b889636,SPS,Iteration,SPS\Watson\24s15,3,9776,2024-07-11T00:00:00Z,2024-07-24T00:00:00Z
a1a8003e-d7eb-488b-b6b6-9f989b889636,SPS,Iteration,SPS\Watson\24s16,3,9777,2024-07-25T00:00:00Z,2024-08-07T00:00:00Z
a1a8003e-d7eb-488b-b6b6-9f989b889636,SPS,Iteration,SPS\Watson\24s17,3,9794,2024-08-08T00:00:00Z,2024-08-21T00:00:00Z
a1a8003e-d7eb-488b-b6b6-9f989b889636,SPS,Iteration,SPS\Watson\24s18,3,9795,2024-08-22T00:00:00Z,2024-09-04T00:00:00Z
a1a8003e-d7eb-488b-b6b6-9f989b889636,SPS,Iteration,SPS\Watson\24s19,3,9827,2024-09-05T00:00:00Z,2024-09-18T00:00:00Z
a1a8003e-d7eb-488b-b6b6-9f989b889636,SPS,Iteration,SPS\Watson\24s20,3,9828,2024-09-19T00:00:00Z,2024-10-02T00:00:00Z
a1a8003e-d7eb-488b-b6b6-9f989b889636,SPS,Iteration,SPS\Watson\24s21,3,9829,2024-10-03T00:00:00Z,2024-10-16T00:00:00Z
a1a8003e-d7eb-488b-b6b6-9f989b889636,SPS,Iteration,SPS\Watson\24s22,3,9861,2024-10-17T00:00:00Z,2024-10-30T00:00:00Z
a1a8003e-d7eb-488b-b6b6-9f989b889636,SPS,Iteration,SPS\Watson\24s23,3,9882,2024-10-31T00:00:00Z,2024-11-13T00:00:00Z
a1a8003e-d7eb-488b-b6b6-9f989b889636,SPS,Iteration,SPS\Watson\24s24,3,9883,2024-11-14T00:00:00Z,2024-11-27T00:00:00Z
a1a8003e-d7eb-488b-b6b6-9f989b889636,SPS,Iteration,SPS\Watson\24s25,3,9884,2024-11-28T00:00:00Z,2025-01-08T00:00:00Z
a1a8003e-d7eb-488b-b6b6-9f989b889636,SPS,Iteration,SPS\Watson\25s01,3,9918,2025-01-09T00:00:00Z,2025-01-22T00:00:00Z
a1a8003e-d7eb-488b-b6b6-9f989b889636,SPS,Iteration,SPS\Watson\25s02,3,9919,2025-01-23T00:00:00Z,2025-02-05T00:00:00Z
a1a8003e-d7eb-488b-b6b6-9f989b889636,SPS,Iteration,SPS\Watson\25s03,3,9938,2025-02-06T00:00:00Z,2025-02-19T00:00:00Z
a1a8003e-d7eb-488b-b6b6-9f989b889636,SPS,Iteration,SPS\Watson\25s04,3,9939,2025-02-20T00:00:00Z,2025-03-05T00:00:00Z
a1a8003e-d7eb-488b-b6b6-9f989b889636,SPS,Iteration,SPS\Watson\25s05,3,10226,2025-03-06T00:00:00Z,2025-03-19T00:00:00Z
a1a8003e-d7eb-488b-b6b6-9f989b889636,SPS,Iteration,SPS\Watson\25s06,3,10227,2025-03-20T00:00:00Z,2025-04-02T00:00:00Z
a1a8003e-d7eb-488b-b6b6-9f989b889636,SPS,Iteration,SPS\Watson\25s07,3,10228,2025-04-03T00:00:00Z,2025-04-16T00:00:00Z
a1a8003e-d7eb-488b-b6b6-9f989b889636,SPS,Iteration,SPS\Watson\25s08,3,10229,2025-04-17T00:00:00Z,2025-04-30T00:00:00Z
a1a8003e-d7eb-488b-b6b6-9f989b889636,SPS,Iteration,SPS\Watson\25s09,3,10295,2025-05-01T00:00:00Z,2025-05-14T00:00:00Z
a1a8003e-d7eb-488b-b6b6-9f989b889636,SPS,Iteration,SPS\Watson\25s10,3,10296,2025-05-15T00:00:00Z,2025-05-28T00:00:00Z
a1a8003e-d7eb-488b-b6b6-9f989b889636,SPS,Iteration,SPS\Watson\25s11,3,10297,2025-05-29T00:00:00Z,2025-06-11T00:00:00Z
a1a8003e-d7eb-488b-b6b6-9f989b889636,SPS,Iteration,SPS\Watson\25s12,3,10346,2025-06-12T00:00:00Z,2025-06-25T00:00:00Z
a1a8003e-d7eb-488b-b6b6-9f989b889636,SPS,Iteration,SPS\Watson\25s13,3,10347,2025-06-26T00:00:00Z,2025-07-09T00:00:00Z
a1a8003e-d7eb-488b-b6b6-9f989b889636,SPS,Iteration,SPS\Watson\25s14,3,10348,2025-07-10T00:00:00Z,2025-07-23T00:00:00Z
a1a8003e-d7eb-488b-b6b6-9f989b889636,SPS,Iteration,SPS\Watson\25s15,3,10349,2025-07-24T00:00:00Z,2025-08-06T00:00:00Z
a1a8003e-d7eb-488b-b6b6-9f989b889636,SPS,Iteration,SPS\Watson\25s16,3,10350,2025-08-07T00:00:00Z,2025-08-20T00:00:00Z
a1a8003e-d7eb-488b-b6b6-9f989b889636,SPS,Iteration,SPS\Watson\25s17,3,10351,2025-08-21T00:00:00Z,2025-09-03T00:00:00Z
a1a8003e-d7eb-488b-b6b6-9f989b889636,SPS,Iteration,SPS\Watson\25s18,3,10810,2025-09-04T00:00:00Z,2025-09-17T00:00:00Z
a1a8003e-d7eb-488b-b6b6-9f989b889636,SPS,Iteration,SPS\Watson\25s19,3,10811,2025-09-18T00:00:00Z,2025-10-01T00:00:00Z
a1a8003e-d7eb-488b-b6b6-9f989b889636,SPS,Iteration,SPS\Watson\25s20,3,10812,2025-10-02T00:00:00Z,2025-10-15T00:00:00Z
a1a8003e-d7eb-488b-b6b6-9f989b889636,SPS,Iteration,SPS\Watson\25s21,3,10921,2025-10-16T00:00:00Z,2025-10-29T00:00:00Z
a1a8003e-d7eb-488b-b6b6-9f989b889636,SPS,Iteration,SPS\Watson\25s22,3,10922,2025-10-30T00:00:00Z,2025-11-12T00:00:00Z
a1a8003e-d7eb-488b-b6b6-9f989b889636,SPS,Iteration,SPS\Watson\25s23,3,11101,2025-11-13T00:00:00Z,2025-11-26T00:00:00Z
a1a8003e-d7eb-488b-b6b6-9f989b889636,SPS,Iteration,SPS\Watson\25s24,3,11102,2025-11-27T00:00:00Z,2025-12-10T00:00:00Z
a1a8003e-d7eb-488b-b6b6-9f989b889636,SPS,Iteration,SPS\Watson\25s25,3,11146,2025-12-11T00:00:00Z,2025-12-24T00:00:00Z
a1a8003e-d7eb-488b-b6b6-9f989b889636,SPS,Iteration,SPS\Watson\25s26,3,11147,2025-12-25T00:00:00Z,2026-01-07T00:00:00Z
a1a8003e-d7eb-488b-b6b6-9f989b889636,SPS,Iteration,SPS\Watson\26s01,3,11148,2026-01-08T00:00:00Z,2026-01-21T00:00:00Z
a1a8003e-d7eb-488b-b6b6-9f989b889636,SPS,Iteration,SPS\Watson\26s02,3,11196,2026-01-22T00:00:00Z,2026-02-04T00:00:00Z
a1a8003e-d7eb-488b-b6b6-9f989b889636,SPS,Iteration,SPS\Watson\26s03,3,11197,2026-02-05T00:00:00Z,2026-02-18T00:00:00Z
a1a8003e-d7eb-488b-b6b6-9f989b889636,SPS,Iteration,SPS\Documentation,2,8238,,
a1a8003e-d7eb-488b-b6b6-9f989b889636,SPS,Iteration,SPS\Documentation\DOC-22-S01,3,8253,2022-10-31T00:00:00Z,2022-11-11T00:00:00Z
a1a8003e-d7eb-488b-b6b6-9f989b889636,SPS,Iteration,SPS\Documentation\DOC-22-S02,3,8262,2022-11-14T00:00:00Z,2022-11-25T00:00:00Z
a1a8003e-d7eb-488b-b6b6-9f989b889636,SPS,Iteration,SPS\Documentation\DOC-22-S03,3,8267,2022-11-28T00:00:00Z,2022-12-09T00:00:00Z
a1a8003e-d7eb-488b-b6b6-9f989b889636,SPS,Iteration,SPS\Documentation\DOC-22-S04,3,8272,2022-12-12T00:00:00Z,2022-12-23T00:00:00Z
a1a8003e-d7eb-488b-b6b6-9f989b889636,SPS,Iteration,SPS\Documentation\DOC-23-S01,3,8277,2022-12-26T00:00:00Z,2023-01-06T00:00:00Z
a1a8003e-d7eb-488b-b6b6-9f989b889636,SPS,Iteration,SPS\Documentation\DOC-23-S02,3,9060,2023-01-09T00:00:00Z,2023-01-20T00:00:00Z
a1a8003e-d7eb-488b-b6b6-9f989b889636,SPS,Iteration,SPS\Documentation\DOC-23-S03,3,9150,2023-01-23T00:00:00Z,2023-02-03T00:00:00Z
a1a8003e-d7eb-488b-b6b6-9f989b889636,SPS,Iteration,SPS\Documentation\DOC-23-S04,3,9151,2023-02-06T00:00:00Z,2023-02-17T00:00:00Z
a1a8003e-d7eb-488b-b6b6-9f989b889636,SPS,Iteration,SPS\Documentation\DOC-23-S05,3,9152,2023-02-20T00:00:00Z,2023-03-03T00:00:00Z
a1a8003e-d7eb-488b-b6b6-9f989b889636,SPS,Iteration,SPS\Documentation\DOC-23-S06,3,9153,2023-03-06T00:00:00Z,2023-03-17T00:00:00Z
a1a8003e-d7eb-488b-b6b6-9f989b889636,SPS,Iteration,SPS\Documentation\DOC-23-S07,3,9154,2023-03-20T00:00:00Z,2023-03-31T00:00:00Z
a1a8003e-d7eb-488b-b6b6-9f989b889636,SPS,Iteration,SPS\Documentation\DOC-23-S08,3,9155,2023-04-03T00:00:00Z,2023-04-14T00:00:00Z
a1a8003e-d7eb-488b-b6b6-9f989b889636,SPS,Iteration,SPS\Documentation\DOC-23-S09,3,9156,2023-04-17T00:00:00Z,2023-04-28T00:00:00Z
a1a8003e-d7eb-488b-b6b6-9f989b889636,SPS,Iteration,SPS\Documentation\DOC-23-S10,3,9157,2023-05-01T00:00:00Z,2023-05-12T00:00:00Z
a1a8003e-d7eb-488b-b6b6-9f989b889636,SPS,Iteration,SPS\Documentation\DOC-23-S11,3,9158,2023-05-15T00:00:00Z,2023-05-26T00:00:00Z
a1a8003e-d7eb-488b-b6b6-9f989b889636,SPS,Iteration,SPS\Documentation\DOC-23-S12,3,9159,2023-05-29T00:00:00Z,2023-06-09T00:00:00Z
a1a8003e-d7eb-488b-b6b6-9f989b889636,SPS,Iteration,SPS\Documentation\DOC-23-S13,3,9160,2023-06-12T00:00:00Z,2023-06-23T00:00:00Z
a1a8003e-d7eb-488b-b6b6-9f989b889636,SPS,Iteration,SPS\Documentation\DOC-23-S14,3,9161,2023-06-26T00:00:00Z,2023-07-07T00:00:00Z
a1a8003e-d7eb-488b-b6b6-9f989b889636,SPS,Iteration,SPS\Documentation\DOC-23-S15,3,9162,2023-07-10T00:00:00Z,2023-07-21T00:00:00Z
a1a8003e-d7eb-488b-b6b6-9f989b889636,SPS,Iteration,SPS\Documentation\DOC-23-S16,3,9163,2023-07-24T00:00:00Z,2023-08-04T00:00:00Z
a1a8003e-d7eb-488b-b6b6-9f989b889636,SPS,Iteration,SPS\Documentation\DOC-23-S17,3,9164,2023-08-07T00:00:00Z,2023-08-18T00:00:00Z
a1a8003e-d7eb-488b-b6b6-9f989b889636,SPS,Iteration,SPS\Documentation\DOC-23-S18,3,9165,2023-08-21T00:00:00Z,2023-09-01T00:00:00Z
a1a8003e-d7eb-488b-b6b6-9f989b889636,SPS,Iteration,SPS\Documentation\DOC-23-S19,3,9166,2023-09-04T00:00:00Z,2023-09-15T00:00:00Z
a1a8003e-d7eb-488b-b6b6-9f989b889636,SPS,Iteration,SPS\Documentation\DOC-23-S20,3,9167,2023-09-18T00:00:00Z,2023-09-29T00:00:00Z
a1a8003e-d7eb-488b-b6b6-9f989b889636,SPS,Iteration,SPS\Documentation\DOC-23-S21,3,9168,2023-10-02T00:00:00Z,2023-10-13T00:00:00Z
a1a8003e-d7eb-488b-b6b6-9f989b889636,SPS,Iteration,SPS\Documentation\DOC-23-S22,3,9169,2023-10-16T00:00:00Z,2023-10-27T00:00:00Z
a1a8003e-d7eb-488b-b6b6-9f989b889636,SPS,Iteration,SPS\Documentation\DOC-23-S23,3,9170,2023-10-30T00:00:00Z,2023-11-10T00:00:00Z
a1a8003e-d7eb-488b-b6b6-9f989b889636,SPS,Iteration,SPS\Documentation\DOC-23-S24,3,9171,2023-11-13T00:00:00Z,2023-11-24T00:00:00Z
a1a8003e-d7eb-488b-b6b6-9f989b889636,SPS,Iteration,SPS\Documentation\DOC-23-S25,3,9172,2023-11-27T00:00:00Z,2023-12-08T00:00:00Z
a1a8003e-d7eb-488b-b6b6-9f989b889636,SPS,Iteration,SPS\Documentation\DOC-23-S26,3,9173,2023-12-11T00:00:00Z,2023-12-22T00:00:00Z
a1a8003e-d7eb-488b-b6b6-9f989b889636,SPS,Iteration,SPS\Documentation\DOC-23-S27,3,9174,2023-12-25T00:00:00Z,2024-01-05T00:00:00Z
a1a8003e-d7eb-488b-b6b6-9f989b889636,SPS,Iteration,SPS\Documentation\DOC-24-S01,3,9555,2024-01-08T00:00:00Z,2024-01-19T00:00:00Z
a1a8003e-d7eb-488b-b6b6-9f989b889636,SPS,Iteration,SPS\Documentation\DOC-24-S02,3,9556,2024-01-22T00:00:00Z,2024-02-02T00:00:00Z
a1a8003e-d7eb-488b-b6b6-9f989b889636,SPS,Iteration,SPS\Documentation\DOC-24-S03,3,9557,2024-02-05T00:00:00Z,2024-02-16T00:00:00Z
a1a8003e-d7eb-488b-b6b6-9f989b889636,SPS,Iteration,SPS\Documentation\DOC-24-S04,3,9558,2024-02-19T00:00:00Z,2024-03-01T00:00:00Z
a1a8003e-d7eb-488b-b6b6-9f989b889636,SPS,Iteration,SPS\Documentation\DOC-24-S05,3,9559,2024-03-04T00:00:00Z,2024-03-15T00:00:00Z
a1a8003e-d7eb-488b-b6b6-9f989b889636,SPS,Iteration,SPS\Documentation\DOC-24-S06,3,9560,2024-03-18T00:00:00Z,2024-03-29T00:00:00Z
a1a8003e-d7eb-488b-b6b6-9f989b889636,SPS,Iteration,SPS\Documentation\DOC-24-S07,3,9561,2024-04-01T00:00:00Z,2024-04-12T00:00:00Z
a1a8003e-d7eb-488b-b6b6-9f989b889636,SPS,Iteration,SPS\Documentation\DOC-24-S08,3,9562,2024-04-15T00:00:00Z,2024-04-26T00:00:00Z
a1a8003e-d7eb-488b-b6b6-9f989b889636,SPS,Iteration,SPS\Documentation\DOC-24-S09,3,9563,2024-04-29T00:00:00Z,2024-05-10T00:00:00Z
a1a8003e-d7eb-488b-b6b6-9f989b889636,SPS,Iteration,SPS\Documentation\DOC-24-S10,3,9564,2024-05-13T00:00:00Z,2024-05-24T00:00:00Z
a1a8003e-d7eb-488b-b6b6-9f989b889636,SPS,Iteration,SPS\Documentation\DOC-24-S11,3,9565,2024-05-27T00:00:00Z,2024-06-07T00:00:00Z
a1a8003e-d7eb-488b-b6b6-9f989b889636,SPS,Iteration,SPS\Documentation\DOC-24-S12,3,9566,2024-06-10T00:00:00Z,2024-06-21T00:00:00Z
a1a8003e-d7eb-488b-b6b6-9f989b889636,SPS,Iteration,SPS\Documentation\DOC-24-S13,3,9567,2024-06-24T00:00:00Z,2024-07-05T00:00:00Z
a1a8003e-d7eb-488b-b6b6-9f989b889636,SPS,Iteration,SPS\Documentation\DOC-24-S14,3,9568,2024-07-08T00:00:00Z,2024-07-19T00:00:00Z
a1a8003e-d7eb-488b-b6b6-9f989b889636,SPS,Iteration,SPS\Documentation\DOC-24-S15,3,9569,2024-07-22T00:00:00Z,2024-08-02T00:00:00Z
a1a8003e-d7eb-488b-b6b6-9f989b889636,SPS,Iteration,SPS\Documentation\DOC-24-S16,3,9570,2024-08-05T00:00:00Z,2024-08-16T00:00:00Z
a1a8003e-d7eb-488b-b6b6-9f989b889636,SPS,Iteration,SPS\Documentation\DOC-24-S17,3,9571,2024-08-19T00:00:00Z,2024-08-30T00:00:00Z
a1a8003e-d7eb-488b-b6b6-9f989b889636,SPS,Iteration,SPS\Documentation\DOC-24-S18,3,9572,2024-09-02T00:00:00Z,2024-09-13T00:00:00Z
a1a8003e-d7eb-488b-b6b6-9f989b889636,SPS,Iteration,SPS\Documentation\DOC-24-S19,3,9573,2024-09-16T00:00:00Z,2024-09-27T00:00:00Z
a1a8003e-d7eb-488b-b6b6-9f989b889636,SPS,Iteration,SPS\Documentation\DOC-24-S20,3,9574,2024-09-30T00:00:00Z,2024-10-11T00:00:00Z
a1a8003e-d7eb-488b-b6b6-9f989b889636,SPS,Iteration,SPS\Documentation\DOC-24-S21,3,9575,2024-10-14T00:00:00Z,2024-10-25T00:00:00Z
a1a8003e-d7eb-488b-b6b6-9f989b889636,SPS,Iteration,SPS\Documentation\DOC-24-S22,3,9576,2024-10-28T00:00:00Z,2024-11-08T00:00:00Z
a1a8003e-d7eb-488b-b6b6-9f989b889636,SPS,Iteration,SPS\Documentation\DOC-24-S23,3,9577,2024-11-11T00:00:00Z,2024-11-22T00:00:00Z
a1a8003e-d7eb-488b-b6b6-9f989b889636,SPS,Iteration,SPS\Documentation\DOC-24-S24,3,9578,2024-11-25T00:00:00Z,2024-12-06T00:00:00Z
a1a8003e-d7eb-488b-b6b6-9f989b889636,SPS,Iteration,SPS\Documentation\DOC-24-S25,3,9579,2024-12-09T00:00:00Z,2024-12-20T00:00:00Z
a1a8003e-d7eb-488b-b6b6-9f989b889636,SPS,Iteration,SPS\Documentation\DOC-24-S26,3,9580,2024-12-23T00:00:00Z,2025-01-03T00:00:00Z
a1a8003e-d7eb-488b-b6b6-9f989b889636,SPS,Iteration,SPS\Documentation\DOC-25-S01,3,9950,2025-01-06T00:00:00Z,2025-01-17T00:00:00Z
a1a8003e-d7eb-488b-b6b6-9f989b889636,SPS,Iteration,SPS\Documentation\DOC-25-S02,3,9951,2025-01-20T00:00:00Z,2025-01-31T00:00:00Z
a1a8003e-d7eb-488b-b6b6-9f989b889636,SPS,Iteration,SPS\Documentation\DOC-25-S03,3,9952,2025-02-03T00:00:00Z,2025-02-14T00:00:00Z
a1a8003e-d7eb-488b-b6b6-9f989b889636,SPS,Iteration,SPS\Documentation\DOC-25-S04,3,10049,2025-02-17T00:00:00Z,2025-02-28T00:00:00Z
a1a8003e-d7eb-488b-b6b6-9f989b889636,SPS,Iteration,SPS\Documentation\DOC-25-S05,3,10050,2025-03-03T00:00:00Z,2025-03-14T00:00:00Z
a1a8003e-d7eb-488b-b6b6-9f989b889636,SPS,Iteration,SPS\Documentation\DOC-25-S06,3,10051,2025-03-17T00:00:00Z,2025-03-28T00:00:00Z
a1a8003e-d7eb-488b-b6b6-9f989b889636,SPS,Iteration,SPS\Documentation\DOC-25-S07,3,10052,2025-03-31T00:00:00Z,2025-04-11T00:00:00Z
a1a8003e-d7eb-488b-b6b6-9f989b889636,SPS,Iteration,SPS\Documentation\DOC-25-S08,3,10053,2025-04-14T00:00:00Z,2025-04-25T00:00:00Z
a1a8003e-d7eb-488b-b6b6-9f989b889636,SPS,Iteration,SPS\Documentation\DOC-25-S09,3,10054,2025-04-28T00:00:00Z,2025-05-09T00:00:00Z
a1a8003e-d7eb-488b-b6b6-9f989b889636,SPS,Iteration,SPS\Documentation\DOC-25-S10,3,10055,2025-05-12T00:00:00Z,2025-05-23T00:00:00Z
a1a8003e-d7eb-488b-b6b6-9f989b889636,SPS,Iteration,SPS\Documentation\DOC-25-S11,3,10056,2025-05-26T00:00:00Z,2025-06-06T00:00:00Z
a1a8003e-d7eb-488b-b6b6-9f989b889636,SPS,Iteration,SPS\Documentation\DOC-25-S12,3,10057,2025-06-09T00:00:00Z,2025-06-20T00:00:00Z
a1a8003e-d7eb-488b-b6b6-9f989b889636,SPS,Iteration,SPS\Documentation\DOC-25-S13,3,10058,2025-06-23T00:00:00Z,2025-07-04T00:00:00Z
a1a8003e-d7eb-488b-b6b6-9f989b889636,SPS,Iteration,SPS\Documentation\DOC-25-S14,3,10059,2025-07-07T00:00:00Z,2025-07-18T00:00:00Z
a1a8003e-d7eb-488b-b6b6-9f989b889636,SPS,Iteration,SPS\Documentation\DOC-25-S15,3,10060,2025-07-21T00:00:00Z,2025-08-01T00:00:00Z
a1a8003e-d7eb-488b-b6b6-9f989b889636,SPS,Iteration,SPS\Documentation\DOC-25-S16,3,10061,2025-08-04T00:00:00Z,2025-08-15T00:00:00Z
a1a8003e-d7eb-488b-b6b6-9f989b889636,SPS,Iteration,SPS\Documentation\DOC-25-S17,3,10062,2025-08-18T00:00:00Z,2025-08-29T00:00:00Z
a1a8003e-d7eb-488b-b6b6-9f989b889636,SPS,Iteration,SPS\Documentation\DOC-25-S18,3,10063,2025-09-01T00:00:00Z,2025-09-12T00:00:00Z
a1a8003e-d7eb-488b-b6b6-9f989b889636,SPS,Iteration,SPS\Documentation\DOC-25-S19,3,10064,2025-09-15T00:00:00Z,2025-09-26T00:00:00Z
a1a8003e-d7eb-488b-b6b6-9f989b889636,SPS,Iteration,SPS\Documentation\DOC-25-S20,3,10065,2025-09-29T00:00:00Z,2025-10-10T00:00:00Z
a1a8003e-d7eb-488b-b6b6-9f989b889636,SPS,Iteration,SPS\Documentation\DOC-25-S21,3,10066,2025-10-13T00:00:00Z,2025-10-24T00:00:00Z
a1a8003e-d7eb-488b-b6b6-9f989b889636,SPS,Iteration,SPS\Documentation\DOC-25-S22,3,10067,2025-10-27T00:00:00Z,2025-11-07T00:00:00Z
a1a8003e-d7eb-488b-b6b6-9f989b889636,SPS,Iteration,SPS\Documentation\DOC-25-S23,3,10068,2025-11-10T00:00:00Z,2025-11-21T00:00:00Z
a1a8003e-d7eb-488b-b6b6-9f989b889636,SPS,Iteration,SPS\Documentation\DOC-25-S24,3,10069,2025-11-24T00:00:00Z,2025-12-05T00:00:00Z
a1a8003e-d7eb-488b-b6b6-9f989b889636,SPS,Iteration,SPS\Documentation\DOC-25-S25,3,10070,2025-12-08T00:00:00Z,2025-12-19T00:00:00Z
a1a8003e-d7eb-488b-b6b6-9f989b889636,SPS,Iteration,SPS\Documentation\DOC-25-S26,3,10071,2025-12-22T00:00:00Z,2026-01-02T00:00:00Z
a1a8003e-d7eb-488b-b6b6-9f989b889636,SPS,Iteration,SPS\Documentation\DOC-26-S01,3,11284,2026-01-05T00:00:00Z,2026-01-16T00:00:00Z
a1a8003e-d7eb-488b-b6b6-9f989b889636,SPS,Iteration,SPS\Documentation\DOC-26-S02,3,11285,2026-01-19T00:00:00Z,2026-01-30T00:00:00Z
a1a8003e-d7eb-488b-b6b6-9f989b889636,SPS,Iteration,SPS\Documentation\DOC-26-S03,3,11286,2026-02-02T00:00:00Z,2026-02-13T00:00:00Z
a1a8003e-d7eb-488b-b6b6-9f989b889636,SPS,Iteration,SPS\Documentation\DOC-26-S04,3,12275,2026-02-16T00:00:00Z,2026-02-27T00:00:00Z
a1a8003e-d7eb-488b-b6b6-9f989b889636,SPS,Iteration,SPS\Documentation\DOC-26-S05,3,12276,2026-03-02T00:00:00Z,2026-03-13T00:00:00Z
a1a8003e-d7eb-488b-b6b6-9f989b889636,SPS,Iteration,SPS\Documentation\DOC-26-S06,3,12277,2026-03-16T00:00:00Z,2026-03-27T00:00:00Z
a1a8003e-d7eb-488b-b6b6-9f989b889636,SPS,Iteration,SPS\Documentation\DOC-26-S07,3,12278,2026-03-30T00:00:00Z,2026-04-10T00:00:00Z
a1a8003e-d7eb-488b-b6b6-9f989b889636,SPS,Iteration,SPS\Documentation\DOC-26-S08,3,12279,2026-04-13T00:00:00Z,2026-04-24T00:00:00Z
a1a8003e-d7eb-488b-b6b6-9f989b889636,SPS,Iteration,SPS\Documentation\DOC-26-S09,3,12280,2026-04-27T00:00:00Z,2026-05-08T00:00:00Z
a1a8003e-d7eb-488b-b6b6-9f989b889636,SPS,Iteration,SPS\Documentation\DOC-26-S10,3,12281,2026-05-11T00:00:00Z,2026-05-22T00:00:00Z
a1a8003e-d7eb-488b-b6b6-9f989b889636,SPS,Iteration,SPS\Documentation\DOC-26-S11,3,12282,2026-05-25T00:00:00Z,2026-06-05T00:00:00Z
a1a8003e-d7eb-488b-b6b6-9f989b889636,SPS,Iteration,SPS\Documentation\DOC-26-S12,3,12283,2026-06-08T00:00:00Z,2026-06-19T00:00:00Z
a1a8003e-d7eb-488b-b6b6-9f989b889636,SPS,Iteration,SPS\Documentation\DOC-26-S13,3,12673,2026-06-22T00:00:00Z,2026-07-03T00:00:00Z
a1a8003e-d7eb-488b-b6b6-9f989b889636,SPS,Iteration,SPS\Rangers,2,9407,,
a1a8003e-d7eb-488b-b6b6-9f989b889636,SPS,Iteration,SPS\Rangers\23s01,3,9409,2023-10-02T00:00:00Z,2023-10-13T00:00:00Z
a1a8003e-d7eb-488b-b6b6-9f989b889636,SPS,Iteration,SPS\Rangers\23s02,3,9451,2023-10-16T00:00:00Z,2023-10-27T00:00:00Z
a1a8003e-d7eb-488b-b6b6-9f989b889636,SPS,Iteration,SPS\Rangers\23s03,3,9457,2023-10-30T00:00:00Z,2023-11-10T00:00:00Z
a1a8003e-d7eb-488b-b6b6-9f989b889636,SPS,Iteration,SPS\Rangers\23s04,3,9467,2023-11-13T00:00:00Z,2023-11-24T00:00:00Z
a1a8003e-d7eb-488b-b6b6-9f989b889636,SPS,Iteration,SPS\Rangers\23s05,3,9472,2023-11-27T00:00:00Z,2023-12-08T00:00:00Z
a1a8003e-d7eb-488b-b6b6-9f989b889636,SPS,Iteration,SPS\Rangers\23s06,3,9489,2023-12-11T00:00:00Z,2023-12-22T00:00:00Z
a1a8003e-d7eb-488b-b6b6-9f989b889636,SPS,Iteration,SPS\Rangers\23s07,3,9490,2023-12-25T00:00:00Z,2024-01-05T00:00:00Z
a1a8003e-d7eb-488b-b6b6-9f989b889636,SPS,Iteration,SPS\Rangers\24s01,3,9491,2024-01-08T00:00:00Z,2024-01-19T00:00:00Z
a1a8003e-d7eb-488b-b6b6-9f989b889636,SPS,Iteration,SPS\Rangers\24s02,3,9611,2024-01-22T00:00:00Z,2024-02-02T00:00:00Z
a1a8003e-d7eb-488b-b6b6-9f989b889636,SPS,Iteration,SPS\Rangers\24s03,3,9617,2024-02-05T00:00:00Z,2024-02-16T00:00:00Z
a1a8003e-d7eb-488b-b6b6-9f989b889636,SPS,Iteration,SPS\Rangers\24s04,3,9667,2024-02-19T00:00:00Z,2024-03-01T00:00:00Z
a1a8003e-d7eb-488b-b6b6-9f989b889636,SPS,Iteration,SPS\Rangers\24s05 - Bug Hunting,3,9671,2024-03-04T00:00:00Z,2024-03-15T00:00:00Z
a1a8003e-d7eb-488b-b6b6-9f989b889636,SPS,Iteration,SPS\Rangers\24s06,3,9727,2024-03-18T00:00:00Z,2024-03-29T00:00:00Z
a1a8003e-d7eb-488b-b6b6-9f989b889636,SPS,Iteration,SPS\Rangers\24s07,3,9731,2024-04-01T00:00:00Z,2024-04-12T00:00:00Z
a1a8003e-d7eb-488b-b6b6-9f989b889636,SPS,Iteration,SPS\Rangers\24s08,3,9743,2024-04-15T00:00:00Z,2024-04-26T00:00:00Z
a1a8003e-d7eb-488b-b6b6-9f989b889636,SPS,Iteration,SPS\Rangers\24s09,3,9757,2024-04-29T00:00:00Z,2024-05-10T00:00:00Z
a1a8003e-d7eb-488b-b6b6-9f989b889636,SPS,Iteration,SPS\Rangers\24s10,3,9765,2024-05-13T00:00:00Z,2024-05-24T00:00:00Z
a1a8003e-d7eb-488b-b6b6-9f989b889636,SPS,Iteration,SPS\Rangers\24s11,3,9772,2024-05-27T00:00:00Z,2024-06-07T00:00:00Z
a1a8003e-d7eb-488b-b6b6-9f989b889636,SPS,Iteration,SPS\Rangers\24s12,3,9780,2024-06-10T00:00:00Z,2024-06-21T00:00:00Z
a1a8003e-d7eb-488b-b6b6-9f989b889636,SPS,Iteration,SPS\Rangers\24s13,3,9787,2024-06-24T00:00:00Z,2024-07-05T00:00:00Z
a1a8003e-d7eb-488b-b6b6-9f989b889636,SPS,Iteration,SPS\Rangers\24s14,3,9803,2024-07-08T00:00:00Z,2024-07-19T00:00:00Z
a1a8003e-d7eb-488b-b6b6-9f989b889636,SPS,Iteration,SPS\Rangers\24s15,3,9808,2024-07-22T00:00:00Z,2024-08-02T00:00:00Z
a1a8003e-d7eb-488b-b6b6-9f989b889636,SPS,Iteration,SPS\Rangers\24s16,3,9821,2024-08-05T00:00:00Z,2024-08-16T00:00:00Z
a1a8003e-d7eb-488b-b6b6-9f989b889636,SPS,Iteration,SPS\Rangers\24s17,3,9850,2024-08-19T00:00:00Z,2024-08-30T00:00:00Z
a1a8003e-d7eb-488b-b6b6-9f989b889636,SPS,Iteration,SPS\Rangers\24s18,3,9863,2024-09-02T00:00:00Z,2024-09-13T00:00:00Z
a1a8003e-d7eb-488b-b6b6-9f989b889636,SPS,Iteration,SPS\Rangers\24s19,3,9866,2024-09-16T00:00:00Z,2024-09-27T00:00:00Z
a1a8003e-d7eb-488b-b6b6-9f989b889636,SPS,Iteration,SPS\Rangers\24s20,3,9874,2024-09-30T00:00:00Z,2024-10-11T00:00:00Z
a1a8003e-d7eb-488b-b6b6-9f989b889636,SPS,Iteration,SPS\Rangers\24s21,3,9875,2024-10-14T00:00:00Z,2024-10-25T00:00:00Z
a1a8003e-d7eb-488b-b6b6-9f989b889636,SPS,Iteration,SPS\Rangers\24s22,3,9876,2024-10-28T00:00:00Z,2024-11-08T00:00:00Z
a1a8003e-d7eb-488b-b6b6-9f989b889636,SPS,Iteration,SPS\Rangers\24s23,3,9877,2024-11-11T00:00:00Z,2024-11-22T00:00:00Z
a1a8003e-d7eb-488b-b6b6-9f989b889636,SPS,Iteration,SPS\Rangers\24s24,3,9932,2024-11-25T00:00:00Z,2024-12-08T00:00:00Z
a1a8003e-d7eb-488b-b6b6-9f989b889636,SPS,Iteration,SPS\Rangers\24s25,3,9933,2024-12-09T00:00:00Z,2024-12-20T00:00:00Z
a1a8003e-d7eb-488b-b6b6-9f989b889636,SPS,Iteration,SPS\Rangers\24s26,3,9934,2024-12-23T00:00:00Z,2025-01-03T00:00:00Z
a1a8003e-d7eb-488b-b6b6-9f989b889636,SPS,Iteration,SPS\Rangers\25s01,3,9935,2025-01-06T00:00:00Z,2025-01-17T00:00:00Z
a1a8003e-d7eb-488b-b6b6-9f989b889636,SPS,Iteration,SPS\Rangers\25s02,3,9960,2025-01-20T00:00:00Z,2025-01-31T00:00:00Z
a1a8003e-d7eb-488b-b6b6-9f989b889636,SPS,Iteration,SPS\Rangers\25s03,3,9961,2025-02-03T00:00:00Z,2025-02-14T00:00:00Z
a1a8003e-d7eb-488b-b6b6-9f989b889636,SPS,Iteration,SPS\Rangers\25s04,3,10139,2025-02-17T00:00:00Z,2025-02-28T00:00:00Z
a1a8003e-d7eb-488b-b6b6-9f989b889636,SPS,Iteration,SPS\Rangers\25s05,3,10140,2025-03-03T00:00:00Z,2025-03-14T00:00:00Z
a1a8003e-d7eb-488b-b6b6-9f989b889636,SPS,Iteration,SPS\Rangers\25s06,3,10141,2025-03-17T00:00:00Z,2025-03-28T00:00:00Z
a1a8003e-d7eb-488b-b6b6-9f989b889636,SPS,Iteration,SPS\Rangers\25s07,3,10291,2025-03-31T00:00:00Z,2025-04-11T00:00:00Z
a1a8003e-d7eb-488b-b6b6-9f989b889636,SPS,Iteration,SPS\Rangers\25s08 CI-CD,3,10292,2025-04-14T00:00:00Z,2025-04-25T00:00:00Z
a1a8003e-d7eb-488b-b6b6-9f989b889636,SPS,Iteration,SPS\Rangers\25s09,3,10293,2025-04-28T00:00:00Z,2025-05-09T00:00:00Z
a1a8003e-d7eb-488b-b6b6-9f989b889636,SPS,Iteration,SPS\Rangers\25s10,3,10294,2025-05-12T00:00:00Z,2025-05-23T00:00:00Z
a1a8003e-d7eb-488b-b6b6-9f989b889636,SPS,Iteration,SPS\Rangers\25s11 CI-CD,3,10325,2025-05-26T00:00:00Z,2025-06-06T00:00:00Z
a1a8003e-d7eb-488b-b6b6-9f989b889636,SPS,Iteration,SPS\Rangers\25s12,3,10326,2025-06-09T00:00:00Z,2025-06-20T00:00:00Z
a1a8003e-d7eb-488b-b6b6-9f989b889636,SPS,Iteration,SPS\Rangers\25s13 CI-CD,3,10416,2025-06-23T00:00:00Z,2025-07-04T00:00:00Z
a1a8003e-d7eb-488b-b6b6-9f989b889636,SPS,Iteration,SPS\Rangers\25s14,3,10417,2025-07-07T00:00:00Z,2025-07-18T00:00:00Z
a1a8003e-d7eb-488b-b6b6-9f989b889636,SPS,Iteration,SPS\Rangers\25s15 CI-CD,3,10418,2025-07-21T00:00:00Z,2025-08-01T00:00:00Z
a1a8003e-d7eb-488b-b6b6-9f989b889636,SPS,Iteration,SPS\Rangers\25s16,3,10419,2025-08-04T00:00:00Z,2025-08-15T00:00:00Z
a1a8003e-d7eb-488b-b6b6-9f989b889636,SPS,Iteration,SPS\Rangers\25s17 CI-CD,3,10420,2025-08-18T00:00:00Z,2025-08-29T00:00:00Z
a1a8003e-d7eb-488b-b6b6-9f989b889636,SPS,Iteration,SPS\Rangers\25s18,3,10421,2025-09-01T00:00:00Z,2025-09-12T00:00:00Z
a1a8003e-d7eb-488b-b6b6-9f989b889636,SPS,Iteration,SPS\Rangers\25s19 CI-CD,3,10422,2025-09-15T00:00:00Z,2025-09-26T00:00:00Z
a1a8003e-d7eb-488b-b6b6-9f989b889636,SPS,Iteration,SPS\Rangers\25s20,3,10423,2025-09-29T00:00:00Z,2025-10-10T00:00:00Z
a1a8003e-d7eb-488b-b6b6-9f989b889636,SPS,Iteration,SPS\Rangers\25s21 CI-CD,3,11126,2025-10-13T00:00:00Z,2025-10-24T00:00:00Z
a1a8003e-d7eb-488b-b6b6-9f989b889636,SPS,Iteration,SPS\Rangers\25s22,3,11134,2025-10-27T00:00:00Z,2025-11-07T00:00:00Z
a1a8003e-d7eb-488b-b6b6-9f989b889636,SPS,Iteration,SPS\Rangers\25s23 CI-CD,3,11135,2025-11-10T00:00:00Z,2025-11-21T00:00:00Z
a1a8003e-d7eb-488b-b6b6-9f989b889636,SPS,Iteration,SPS\Rangers\25s24,3,11136,2025-11-24T00:00:00Z,2025-12-05T00:00:00Z
a1a8003e-d7eb-488b-b6b6-9f989b889636,SPS,Iteration,SPS\Rangers\25s25 CI-CD,3,11137,2025-12-08T00:00:00Z,2025-12-19T00:00:00Z
a1a8003e-d7eb-488b-b6b6-9f989b889636,SPS,Iteration,SPS\Rangers\26s01,3,11255,2026-01-05T00:00:00Z,2026-01-16T00:00:00Z
a1a8003e-d7eb-488b-b6b6-9f989b889636,SPS,Iteration,SPS\Rangers\26s02,3,11317,2026-01-19T00:00:00Z,2026-01-30T00:00:00Z
a1a8003e-d7eb-488b-b6b6-9f989b889636,SPS,Iteration,SPS\Rangers\26s03,3,11906,2026-02-02T00:00:00Z,2026-02-13T00:00:00Z
a1a8003e-d7eb-488b-b6b6-9f989b889636,SPS,Iteration,SPS\Rangers\26s04,3,12604,2026-02-16T00:00:00Z,2026-02-27T00:00:00Z
a1a8003e-d7eb-488b-b6b6-9f989b889636,SPS,Iteration,SPS\Rangers\26s05,3,12605,2026-03-02T00:00:00Z,2026-03-13T00:00:00Z
a1a8003e-d7eb-488b-b6b6-9f989b889636,SPS,Iteration,SPS\Rangers\26s06,3,12649,2026-03-16T00:00:00Z,2026-03-27T00:00:00Z
a1a8003e-d7eb-488b-b6b6-9f989b889636,SPS,Iteration,SPS\A-Team,2,9447,,
a1a8003e-d7eb-488b-b6b6-9f989b889636,SPS,Iteration,SPS\A-Team\23s01,3,9448,2023-10-01T00:00:00Z,2023-10-16T00:00:00Z
a1a8003e-d7eb-488b-b6b6-9f989b889636,SPS,Iteration,SPS\A-Team\23s02,3,9449,2023-10-17T00:00:00Z,2023-10-30T00:00:00Z
a1a8003e-d7eb-488b-b6b6-9f989b889636,SPS,Iteration,SPS\A-Team\23s03,3,9450,2023-10-31T00:00:00Z,2023-11-13T00:00:00Z
a1a8003e-d7eb-488b-b6b6-9f989b889636,SPS,Iteration,SPS\A-Team\23s04,3,9458,2023-11-14T00:00:00Z,2023-11-27T00:00:00Z
a1a8003e-d7eb-488b-b6b6-9f989b889636,SPS,Iteration,SPS\A-Team\23s05,3,9459,2023-11-28T00:00:00Z,2023-12-31T00:00:00Z
a1a8003e-d7eb-488b-b6b6-9f989b889636,SPS,Iteration,SPS\A-Team\24s01,3,9461,2024-01-01T00:00:00Z,2024-01-08T00:00:00Z
a1a8003e-d7eb-488b-b6b6-9f989b889636,SPS,Iteration,SPS\A-Team\24s02,3,9485,2024-01-09T00:00:00Z,2024-01-22T00:00:00Z
a1a8003e-d7eb-488b-b6b6-9f989b889636,SPS,Iteration,SPS\A-Team\24s03,3,9486,2024-01-23T00:00:00Z,2024-02-05T00:00:00Z
a1a8003e-d7eb-488b-b6b6-9f989b889636,SPS,Iteration,SPS\A-Team\24s04,3,9551,2024-02-06T00:00:00Z,2024-02-19T00:00:00Z
a1a8003e-d7eb-488b-b6b6-9f989b889636,SPS,Iteration,SPS\A-Team\24s05,3,9552,2024-02-20T00:00:00Z,2024-03-04T00:00:00Z
a1a8003e-d7eb-488b-b6b6-9f989b889636,SPS,Iteration,SPS\A-Team\24s06,3,9614,2024-03-05T00:00:00Z,2024-03-18T00:00:00Z
a1a8003e-d7eb-488b-b6b6-9f989b889636,SPS,Iteration,SPS\A-Team\24s07,3,9615,2024-03-19T00:00:00Z,2024-04-01T00:00:00Z
a1a8003e-d7eb-488b-b6b6-9f989b889636,SPS,Iteration,SPS\A-Team\24s08,3,9669,2024-04-02T00:00:00Z,2024-04-15T00:00:00Z
a1a8003e-d7eb-488b-b6b6-9f989b889636,SPS,Iteration,SPS\A-Team\24s09,3,9732,2024-04-16T00:00:00Z,2024-04-28T00:00:00Z
a1a8003e-d7eb-488b-b6b6-9f989b889636,SPS,Iteration,SPS\A-Team\24s10,3,9733,2024-04-29T00:00:00Z,2024-05-13T00:00:00Z
a1a8003e-d7eb-488b-b6b6-9f989b889636,SPS,Iteration,SPS\A-Team\24s11,3,9734,2024-05-14T00:00:00Z,2024-05-27T00:00:00Z
a1a8003e-d7eb-488b-b6b6-9f989b889636,SPS,Iteration,SPS\A-Team\24s12,3,9735,2024-05-28T00:00:00Z,2024-06-10T00:00:00Z
a1a8003e-d7eb-488b-b6b6-9f989b889636,SPS,Iteration,SPS\A-Team\24s13,3,9761,2024-06-11T00:00:00Z,2024-06-24T00:00:00Z
a1a8003e-d7eb-488b-b6b6-9f989b889636,SPS,Iteration,SPS\A-Team\24s14,3,9762,2024-06-25T00:00:00Z,2024-07-08T00:00:00Z
a1a8003e-d7eb-488b-b6b6-9f989b889636,SPS,Iteration,SPS\A-Team\24s15,3,9788,2024-07-09T00:00:00Z,2024-07-22T00:00:00Z
a1a8003e-d7eb-488b-b6b6-9f989b889636,SPS,Iteration,SPS\A-Team\24s16,3,9789,2024-07-23T00:00:00Z,2024-08-05T00:00:00Z
a1a8003e-d7eb-488b-b6b6-9f989b889636,SPS,Iteration,SPS\A-Team\24s17,3,9790,2024-08-06T00:00:00Z,2024-08-19T00:00:00Z
a1a8003e-d7eb-488b-b6b6-9f989b889636,SPS,Iteration,SPS\A-Team\24s18,3,9791,2024-08-20T00:00:00Z,2024-09-02T00:00:00Z
a1a8003e-d7eb-488b-b6b6-9f989b889636,SPS,Iteration,SPS\A-Team\24s19,3,9830,2024-09-03T00:00:00Z,2024-09-16T00:00:00Z
a1a8003e-d7eb-488b-b6b6-9f989b889636,SPS,Iteration,SPS\A-Team\24s20,3,9831,2024-09-17T00:00:00Z,2024-09-30T00:00:00Z
a1a8003e-d7eb-488b-b6b6-9f989b889636,SPS,Iteration,SPS\A-Team\24s21,3,9832,2024-10-01T00:00:00Z,2024-10-14T00:00:00Z
a1a8003e-d7eb-488b-b6b6-9f989b889636,SPS,Iteration,SPS\A-Team\24s22,3,9862,2024-10-15T00:00:00Z,2024-10-28T00:00:00Z
a1a8003e-d7eb-488b-b6b6-9f989b889636,SPS,Iteration,SPS\A-Team\24s23,3,9878,2024-10-29T00:00:00Z,2024-11-11T00:00:00Z
a1a8003e-d7eb-488b-b6b6-9f989b889636,SPS,Iteration,SPS\A-Team\24s24,3,9879,2024-11-12T00:00:00Z,2024-11-24T00:00:00Z
a1a8003e-d7eb-488b-b6b6-9f989b889636,SPS,Iteration,SPS\A-Team\24s25,3,9880,2024-11-25T00:00:00Z,2024-12-09T00:00:00Z
a1a8003e-d7eb-488b-b6b6-9f989b889636,SPS,Iteration,SPS\A-Team\24s26,3,9881,2024-12-10T00:00:00Z,2025-01-06T00:00:00Z
a1a8003e-d7eb-488b-b6b6-9f989b889636,SPS,Iteration,SPS\A-Team\25s01,3,9920,2025-01-07T00:00:00Z,2025-01-20T00:00:00Z
a1a8003e-d7eb-488b-b6b6-9f989b889636,SPS,Iteration,SPS\A-Team\25s02,3,9921,2025-01-21T00:00:00Z,2025-02-03T00:00:00Z
a1a8003e-d7eb-488b-b6b6-9f989b889636,SPS,Iteration,SPS\A-Team\25s03,3,9940,2025-02-04T00:00:00Z,2025-02-17T00:00:00Z
a1a8003e-d7eb-488b-b6b6-9f989b889636,SPS,Iteration,SPS\A-Team\25s04,3,9941,2025-02-18T00:00:00Z,2025-03-03T00:00:00Z
a1a8003e-d7eb-488b-b6b6-9f989b889636,SPS,Iteration,SPS\A-Team\25s05,3,10189,2025-03-04T00:00:00Z,2025-03-17T00:00:00Z
a1a8003e-d7eb-488b-b6b6-9f989b889636,SPS,Iteration,SPS\A-Team\25s06,3,10190,2025-03-18T00:00:00Z,2025-03-31T00:00:00Z
a1a8003e-d7eb-488b-b6b6-9f989b889636,SPS,Iteration,SPS\A-Team\25s07,3,10191,2025-04-01T00:00:00Z,2025-04-14T00:00:00Z
a1a8003e-d7eb-488b-b6b6-9f989b889636,SPS,Iteration,SPS\A-Team\25s08,3,10192,2025-04-15T00:00:00Z,2025-04-28T00:00:00Z
a1a8003e-d7eb-488b-b6b6-9f989b889636,SPS,Iteration,SPS\A-Team\25s09,3,10193,2025-04-29T00:00:00Z,2025-05-12T00:00:00Z
a1a8003e-d7eb-488b-b6b6-9f989b889636,SPS,Iteration,SPS\A-Team\25s10,3,10298,2025-05-13T00:00:00Z,2025-05-26T00:00:00Z
a1a8003e-d7eb-488b-b6b6-9f989b889636,SPS,Iteration,SPS\A-Team\25s11,3,10299,2025-05-27T00:00:00Z,2025-06-09T00:00:00Z
a1a8003e-d7eb-488b-b6b6-9f989b889636,SPS,Iteration,SPS\A-Team\25s12 CICD,3,10300,2025-06-10T00:00:00Z,2025-06-23T00:00:00Z
a1a8003e-d7eb-488b-b6b6-9f989b889636,SPS,Iteration,SPS\A-Team\25s13,3,10389,2025-06-24T00:00:00Z,2025-07-07T00:00:00Z
a1a8003e-d7eb-488b-b6b6-9f989b889636,SPS,Iteration,SPS\A-Team\25s14 CICD 1,3,10403,2025-07-08T00:00:00Z,2025-07-21T00:00:00Z
a1a8003e-d7eb-488b-b6b6-9f989b889636,SPS,Iteration,SPS\A-Team\25s15,3,10404,2025-07-22T00:00:00Z,2025-08-04T00:00:00Z
a1a8003e-d7eb-488b-b6b6-9f989b889636,SPS,Iteration,SPS\A-Team\25s16 CICD 2,3,10405,2025-08-05T00:00:00Z,2025-08-18T00:00:00Z
a1a8003e-d7eb-488b-b6b6-9f989b889636,SPS,Iteration,SPS\A-Team\25s17,3,10406,2025-08-19T00:00:00Z,2025-09-01T00:00:00Z
a1a8003e-d7eb-488b-b6b6-9f989b889636,SPS,Iteration,SPS\A-Team\25s18 CICD 1,3,10407,2025-09-02T00:00:00Z,2025-09-15T00:00:00Z
a1a8003e-d7eb-488b-b6b6-9f989b889636,SPS,Iteration,SPS\A-Team\25s19,3,10408,2025-09-16T00:00:00Z,2025-09-29T00:00:00Z
a1a8003e-d7eb-488b-b6b6-9f989b889636,SPS,Iteration,SPS\A-Team\25s20 CICD 2,3,10409,2025-09-30T00:00:00Z,2025-10-13T00:00:00Z
a1a8003e-d7eb-488b-b6b6-9f989b889636,SPS,Iteration,SPS\A-Team\25s21,3,10923,2025-10-14T00:00:00Z,2025-10-27T00:00:00Z
a1a8003e-d7eb-488b-b6b6-9f989b889636,SPS,Iteration,SPS\A-Team\25s22 CICD 1,3,10924,2025-10-28T00:00:00Z,2025-11-10T00:00:00Z
a1a8003e-d7eb-488b-b6b6-9f989b889636,SPS,Iteration,SPS\A-Team\25s23,3,11098,2025-11-11T00:00:00Z,2025-11-24T00:00:00Z
a1a8003e-d7eb-488b-b6b6-9f989b889636,SPS,Iteration,SPS\A-Team\25s24 CDCD 2,3,11099,2025-11-25T00:00:00Z,2025-12-08T00:00:00Z
a1a8003e-d7eb-488b-b6b6-9f989b889636,SPS,Iteration,SPS\A-Team\25s25,3,11100,2025-12-09T00:00:00Z,2026-01-05T00:00:00Z
a1a8003e-d7eb-488b-b6b6-9f989b889636,SPS,Iteration,SPS\A-Team\26s01,3,11150,2026-01-06T00:00:00Z,2026-01-19T00:00:00Z
a1a8003e-d7eb-488b-b6b6-9f989b889636,SPS,Iteration,SPS\A-Team\26s02,3,11198,2026-01-20T00:00:00Z,2026-02-02T00:00:00Z
a1a8003e-d7eb-488b-b6b6-9f989b889636,SPS,Iteration,SPS\A-Team\26s03,3,11199,2026-02-03T00:00:00Z,2026-02-16T00:00:00Z
a1a8003e-d7eb-488b-b6b6-9f989b889636,SPS,Iteration,SPS\A-Team\26s05,3,12636,2026-03-02T00:00:00Z,2026-03-13T00:00:00Z
a1a8003e-d7eb-488b-b6b6-9f989b889636,SPS,Iteration,SPS\A-Team\26s06,3,12637,2026-03-16T00:00:00Z,2026-03-27T00:00:00Z
a1a8003e-d7eb-488b-b6b6-9f989b889636,SPS,Iteration,SPS\A-Team\26s04,3,12648,2026-02-17T00:00:00Z,2026-02-27T00:00:00Z
a1a8003e-d7eb-488b-b6b6-9f989b889636,SPS,Iteration,SPS\zz Archive,2,9453,,
a1a8003e-d7eb-488b-b6b6-9f989b889636,SPS,Iteration,SPS\zz Archive\Documentation,3,7594,,
a1a8003e-d7eb-488b-b6b6-9f989b889636,SPS,Iteration,SPS\zz Archive\Documentation\TechComm 28,4,7595,,
a1a8003e-d7eb-488b-b6b6-9f989b889636,SPS,Iteration,SPS\zz Archive\Documentation\Eternal S1,4,7761,,
a1a8003e-d7eb-488b-b6b6-9f989b889636,SPS,Iteration,SPS\zz Archive\Documentation\TechComm 19Apr-30Apr 2,4,7769,,
a1a8003e-d7eb-488b-b6b6-9f989b889636,SPS,Iteration,SPS\zz Archive\Documentation\TechComm 10,4,7770,,
a1a8003e-d7eb-488b-b6b6-9f989b889636,SPS,Iteration,SPS\zz Archive\Documentation\TechComm 05Apr-16Apr,4,7771,,
a1a8003e-d7eb-488b-b6b6-9f989b889636,SPS,Iteration,SPS\zz Archive\Documentation\TechComm 17May-28May 2021,4,7772,,
a1a8003e-d7eb-488b-b6b6-9f989b889636,SPS,Iteration,SPS\zz Archive\Documentation\TechComm 1,4,7773,,
a1a8003e-d7eb-488b-b6b6-9f989b889636,SPS,Iteration,SPS\zz Archive\Documentation\TechComm 12,4,7780,,
a1a8003e-d7eb-488b-b6b6-9f989b889636,SPS,Iteration,SPS\zz Archive\Documentation\TechComm 18,4,7782,,
a1a8003e-d7eb-488b-b6b6-9f989b889636,SPS,Iteration,SPS\zz Archive\Documentation\TechComm 25,4,7785,,
a1a8003e-d7eb-488b-b6b6-9f989b889636,SPS,Iteration,SPS\zz Archive\Documentation\TechComm 30,4,7788,,
a1a8003e-d7eb-488b-b6b6-9f989b889636,SPS,Iteration,SPS\zz Archive\Documentation\VP UI- search sprint 2,4,7872,,
a1a8003e-d7eb-488b-b6b6-9f989b889636,SPS,Iteration,SPS\zz Archive\Documentation\Iteration 18,4,7875,,
a1a8003e-d7eb-488b-b6b6-9f989b889636,SPS,Iteration,SPS\zz Archive\Documentation\TechComm 3,4,7971,,
a1a8003e-d7eb-488b-b6b6-9f989b889636,SPS,Iteration,SPS\zz Archive\Documentation\TechComm 5,4,7974,,
a1a8003e-d7eb-488b-b6b6-9f989b889636,SPS,Iteration,SPS\zz Archive\Documentation\TechComm 6,4,7978,,
a1a8003e-d7eb-488b-b6b6-9f989b889636,SPS,Iteration,SPS\zz Archive\Documentation\TechComm 13,4,7980,,
a1a8003e-d7eb-488b-b6b6-9f989b889636,SPS,Iteration,SPS\zz Archive\Documentation\TechComm 8,4,7987,,
a1a8003e-d7eb-488b-b6b6-9f989b889636,SPS,Iteration,SPS\zz Archive\Documentation\TechComm 2,4,7988,,
a1a8003e-d7eb-488b-b6b6-9f989b889636,SPS,Iteration,SPS\zz Archive\Documentation\TechComm 26,4,7989,,
a1a8003e-d7eb-488b-b6b6-9f989b889636,SPS,Iteration,SPS\zz Archive\Documentation\TechComm 22,4,7990,,
a1a8003e-d7eb-488b-b6b6-9f989b889636,SPS,Iteration,SPS\zz Archive\Documentation\TechComm 21,4,7991,,
a1a8003e-d7eb-488b-b6b6-9f989b889636,SPS,Iteration,SPS\zz Archive\Documentation\TechComm 20,4,7992,,
a1a8003e-d7eb-488b-b6b6-9f989b889636,SPS,Iteration,SPS\zz Archive\Documentation\TechComm 19,4,7993,,
a1a8003e-d7eb-488b-b6b6-9f989b889636,SPS,Iteration,SPS\zz Archive\Documentation\TechComm 16,4,7994,,
a1a8003e-d7eb-488b-b6b6-9f989b889636,SPS,Iteration,SPS\zz Archive\Documentation\TechComm 15,4,7995,,
a1a8003e-d7eb-488b-b6b6-9f989b889636,SPS,Iteration,SPS\zz Archive\Documentation\TechComm 11,4,7996,,
a1a8003e-d7eb-488b-b6b6-9f989b889636,SPS,Iteration,SPS\zz Archive\Documentation\TechComm 4,4,7997,,
a1a8003e-d7eb-488b-b6b6-9f989b889636,SPS,Iteration,SPS\zz Archive\Documentation\TechComm 7,4,7998,,
a1a8003e-d7eb-488b-b6b6-9f989b889636,SPS,Iteration,SPS\zz Archive\Documentation\SSB Cadence 2020.02,4,7999,,
a1a8003e-d7eb-488b-b6b6-9f989b889636,SPS,Iteration,SPS\zz Archive\Documentation\TechComm 17,4,8000,,
a1a8003e-d7eb-488b-b6b6-9f989b889636,SPS,Iteration,SPS\zz Archive\Documentation\TechComm 03May-14May 2021,4,8001,,
a1a8003e-d7eb-488b-b6b6-9f989b889636,SPS,Iteration,SPS\zz Archive\Documentation\TechComm 14,4,8002,,
a1a8003e-d7eb-488b-b6b6-9f989b889636,SPS,Iteration,SPS\zz Archive\Documentation\TechComm 9,4,8003,,
a1a8003e-d7eb-488b-b6b6-9f989b889636,SPS,Iteration,SPS\zz Archive\Documentation\VP Sprint 11,4,8004,,
a1a8003e-d7eb-488b-b6b6-9f989b889636,SPS,Iteration,SPS\zz Archive\Documentation\Eternal S1 Forever,4,8005,,
a1a8003e-d7eb-488b-b6b6-9f989b889636,SPS,Iteration,SPS\zz Archive\Documentation\TechComm 24,4,8006,,
a1a8003e-d7eb-488b-b6b6-9f989b889636,SPS,Iteration,SPS\zz Archive\Documentation\TechComm 27,4,8007,,
a1a8003e-d7eb-488b-b6b6-9f989b889636,SPS,Iteration,SPS\zz Archive\Documentation\TechComm 29,4,8008,,
a1a8003e-d7eb-488b-b6b6-9f989b889636,SPS,Iteration,SPS\zz Archive\Documentation\TechComm 23,4,8009,,
a1a8003e-d7eb-488b-b6b6-9f989b889636,SPS,Iteration,SPS\zz Archive\Documentation\TechComm 31,4,8127,,
a1a8003e-d7eb-488b-b6b6-9f989b889636,SPS,Iteration,SPS\zz Archive\Audit,3,7602,,
a1a8003e-d7eb-488b-b6b6-9f989b889636,SPS,Iteration,SPS\zz Archive\Audit\C2022.12 S5,4,8241,2022-10-10T00:00:00Z,2022-10-23T00:00:00Z
a1a8003e-d7eb-488b-b6b6-9f989b889636,SPS,Iteration,SPS\zz Archive\Audit\C2022.12 S6,4,8242,2022-10-24T00:00:00Z,2022-11-06T00:00:00Z
a1a8003e-d7eb-488b-b6b6-9f989b889636,SPS,Iteration,SPS\zz Archive\Audit\C2022.12 S7,4,8283,2022-11-07T00:00:00Z,2022-11-20T00:00:00Z
a1a8003e-d7eb-488b-b6b6-9f989b889636,SPS,Iteration,SPS\zz Archive\Audit\C2023.03 S1,4,8286,2022-11-21T00:00:00Z,2022-12-02T00:00:00Z
a1a8003e-d7eb-488b-b6b6-9f989b889636,SPS,Iteration,SPS\zz Archive\Audit\C2023.03 S2,4,8982,2022-12-05T00:00:00Z,2022-12-16T00:00:00Z
a1a8003e-d7eb-488b-b6b6-9f989b889636,SPS,Iteration,SPS\zz Archive\Audit\C2023.03 S3,4,9016,2022-12-19T00:00:00Z,2022-12-30T00:00:00Z
a1a8003e-d7eb-488b-b6b6-9f989b889636,SPS,Iteration,SPS\zz Archive\Audit\C2023.03 S4,4,9017,2023-01-02T00:00:00Z,2023-01-13T00:00:00Z
a1a8003e-d7eb-488b-b6b6-9f989b889636,SPS,Iteration,SPS\zz Archive\Audit\C2023.03.S5,4,9061,2023-01-16T00:00:00Z,2023-01-27T00:00:00Z
a1a8003e-d7eb-488b-b6b6-9f989b889636,SPS,Iteration,SPS\zz Archive\Audit\C2023.06.S1,4,9177,2023-01-30T00:00:00Z,2023-02-10T00:00:00Z
a1a8003e-d7eb-488b-b6b6-9f989b889636,SPS,Iteration,SPS\zz Archive\Audit\C2023.06.S2,4,9194,2023-02-13T00:00:00Z,2023-02-24T00:00:00Z
a1a8003e-d7eb-488b-b6b6-9f989b889636,SPS,Iteration,SPS\zz Archive\Audit\C2023.06.S3,4,9201,2023-02-27T00:00:00Z,2023-03-10T00:00:00Z
a1a8003e-d7eb-488b-b6b6-9f989b889636,SPS,Iteration,SPS\zz Archive\Audit\C2023.06.S4,4,9205,2023-03-13T00:00:00Z,2023-03-24T00:00:00Z
a1a8003e-d7eb-488b-b6b6-9f989b889636,SPS,Iteration,SPS\zz Archive\Audit\C2023.06.S5,4,9216,2023-03-27T00:00:00Z,2023-04-07T00:00:00Z
a1a8003e-d7eb-488b-b6b6-9f989b889636,SPS,Iteration,SPS\zz Archive\Audit\C2023.06.S6,4,9229,2023-04-10T00:00:00Z,2023-04-21T00:00:00Z
a1a8003e-d7eb-488b-b6b6-9f989b889636,SPS,Iteration,SPS\zz Archive\Audit\C2023.06.S7,4,9244,2023-04-24T00:00:00Z,2023-05-05T00:00:00Z
a1a8003e-d7eb-488b-b6b6-9f989b889636,SPS,Iteration,SPS\zz Archive\Audit\C2023.09.S1,4,9249,2023-05-08T00:00:00Z,2023-05-19T00:00:00Z
a1a8003e-d7eb-488b-b6b6-9f989b889636,SPS,Iteration,SPS\zz Archive\Audit\C2023.09.S2,4,9262,2023-05-22T00:00:00Z,2023-06-02T00:00:00Z
a1a8003e-d7eb-488b-b6b6-9f989b889636,SPS,Iteration,SPS\zz Archive\Audit\C2023.09.S3,4,9266,2023-06-05T00:00:00Z,2023-06-16T00:00:00Z
a1a8003e-d7eb-488b-b6b6-9f989b889636,SPS,Iteration,SPS\zz Archive\Audit\C2023.09.S4,4,9267,2023-06-19T00:00:00Z,2023-06-30T00:00:00Z
a1a8003e-d7eb-488b-b6b6-9f989b889636,SPS,Iteration,SPS\zz Archive\Audit\C2023.09.S5,4,9268,2023-07-03T00:00:00Z,2023-07-14T00:00:00Z
a1a8003e-d7eb-488b-b6b6-9f989b889636,SPS,Iteration,SPS\zz Archive\Audit\C2023.09.S6,4,9269,2023-07-17T00:00:00Z,2023-07-28T00:00:00Z
a1a8003e-d7eb-488b-b6b6-9f989b889636,SPS,Iteration,SPS\zz Archive\Audit\C2023.09.S7,4,9322,2023-07-31T00:00:00Z,2023-08-11T00:00:00Z
a1a8003e-d7eb-488b-b6b6-9f989b889636,SPS,Iteration,SPS\zz Archive\Audit\C2023.09.S8,4,9323,2023-08-14T00:00:00Z,2023-08-25T00:00:00Z
a1a8003e-d7eb-488b-b6b6-9f989b889636,SPS,Iteration,SPS\zz Archive\Audit\2023cw35,4,9324,2023-08-28T00:00:00Z,2023-09-08T00:00:00Z
a1a8003e-d7eb-488b-b6b6-9f989b889636,SPS,Iteration,SPS\zz Archive\Audit\2023cw37,4,9376,2023-09-11T00:00:00Z,2023-09-22T00:00:00Z
a1a8003e-d7eb-488b-b6b6-9f989b889636,SPS,Iteration,SPS\zz Archive\Audit\2023cw39,4,9394,2023-09-25T00:00:00Z,2023-09-29T00:00:00Z
a1a8003e-d7eb-488b-b6b6-9f989b889636,SPS,Iteration,SPS\zz Archive\Best,3,7609,,
a1a8003e-d7eb-488b-b6b6-9f989b889636,SPS,Iteration,SPS\zz Archive\Best\22s13,4,8218,2022-10-27T00:00:00Z,2022-11-09T00:00:00Z
a1a8003e-d7eb-488b-b6b6-9f989b889636,SPS,Iteration,SPS\zz Archive\Best\22s14,4,8219,2022-11-10T00:00:00Z,2022-11-23T00:00:00Z
a1a8003e-d7eb-488b-b6b6-9f989b889636,SPS,Iteration,SPS\zz Archive\Best\22s15,4,8220,2022-11-24T00:00:00Z,2022-12-07T00:00:00Z
a1a8003e-d7eb-488b-b6b6-9f989b889636,SPS,Iteration,SPS\zz Archive\Best\22s16,4,8221,2022-12-08T00:00:00Z,2023-01-04T00:00:00Z
a1a8003e-d7eb-488b-b6b6-9f989b889636,SPS,Iteration,SPS\zz Archive\Best\23s01,4,8973,2023-01-05T00:00:00Z,2023-01-18T00:00:00Z
a1a8003e-d7eb-488b-b6b6-9f989b889636,SPS,Iteration,SPS\zz Archive\Best\23s02,4,8974,2023-01-19T00:00:00Z,2023-02-01T00:00:00Z
a1a8003e-d7eb-488b-b6b6-9f989b889636,SPS,Iteration,SPS\zz Archive\Best\23s03,4,8975,2023-02-02T00:00:00Z,2023-02-15T00:00:00Z
a1a8003e-d7eb-488b-b6b6-9f989b889636,SPS,Iteration,SPS\zz Archive\Best\23s04,4,9023,2023-02-16T00:00:00Z,2023-03-01T00:00:00Z
a1a8003e-d7eb-488b-b6b6-9f989b889636,SPS,Iteration,SPS\zz Archive\Best\23s05,4,9024,2023-03-02T00:00:00Z,2023-03-15T00:00:00Z
a1a8003e-d7eb-488b-b6b6-9f989b889636,SPS,Iteration,SPS\zz Archive\Best\23s06,4,9025,2023-03-16T00:00:00Z,2023-03-29T00:00:00Z
a1a8003e-d7eb-488b-b6b6-9f989b889636,SPS,Iteration,SPS\zz Archive\Best\23s07,4,9179,2023-03-30T00:00:00Z,2023-04-12T00:00:00Z
a1a8003e-d7eb-488b-b6b6-9f989b889636,SPS,Iteration,SPS\zz Archive\Best\23s08,4,9180,2023-04-13T00:00:00Z,2023-04-26T00:00:00Z
a1a8003e-d7eb-488b-b6b6-9f989b889636,SPS,Iteration,SPS\zz Archive\Best\23s09,4,9234,2023-04-27T00:00:00Z,2023-05-10T00:00:00Z
a1a8003e-d7eb-488b-b6b6-9f989b889636,SPS,Iteration,SPS\zz Archive\Best\23s10,4,9235,2023-05-11T00:00:00Z,2023-06-08T00:00:00Z
a1a8003e-d7eb-488b-b6b6-9f989b889636,SPS,Iteration,SPS\zz Archive\Best\23s12,4,9250,2023-06-09T00:00:00Z,2023-06-21T00:00:00Z
a1a8003e-d7eb-488b-b6b6-9f989b889636,SPS,Iteration,SPS\zz Archive\Best\23s13,4,9251,2023-06-22T00:00:00Z,2023-07-05T00:00:00Z
a1a8003e-d7eb-488b-b6b6-9f989b889636,SPS,Iteration,SPS\zz Archive\Best\23s14,4,9272,2023-07-06T00:00:00Z,2023-07-19T00:00:00Z
a1a8003e-d7eb-488b-b6b6-9f989b889636,SPS,Iteration,SPS\zz Archive\Best\23s15,4,9273,2023-07-20T00:00:00Z,2023-08-02T00:00:00Z
a1a8003e-d7eb-488b-b6b6-9f989b889636,SPS,Iteration,SPS\zz Archive\Best\23s16,4,9311,2023-08-03T00:00:00Z,2023-08-16T00:00:00Z
a1a8003e-d7eb-488b-b6b6-9f989b889636,SPS,Iteration,SPS\zz Archive\Best\23s17,4,9312,2023-08-17T00:00:00Z,2023-08-30T00:00:00Z
a1a8003e-d7eb-488b-b6b6-9f989b889636,SPS,Iteration,SPS\zz Archive\Best\23s18,4,9330,2023-08-31T00:00:00Z,2023-09-13T00:00:00Z
a1a8003e-d7eb-488b-b6b6-9f989b889636,SPS,Iteration,SPS\zz Archive\Best\23s19,4,9331,2023-09-14T00:00:00Z,2023-09-29T00:00:00Z
a1a8003e-d7eb-488b-b6b6-9f989b889636,SPS,Iteration,SPS\zz Archive\PAM,3,7613,,
a1a8003e-d7eb-488b-b6b6-9f989b889636,SPS,Iteration,SPS\zz Archive\PAM\Sprint 1,4,7614,,
a1a8003e-d7eb-488b-b6b6-9f989b889636,SPS,Iteration,SPS\zz Archive\PAM\C2017.08 S3 (07.03.-07.16.),4,7733,,
a1a8003e-d7eb-488b-b6b6-9f989b889636,SPS,Iteration,SPS\zz Archive\PAM\C2017.08 S4 (07.17.-07.30),4,7734,,
a1a8003e-d7eb-488b-b6b6-9f989b889636,SPS,Iteration,SPS\zz Archive\PAM\C2017.10 S1 (07.31.-08.13.),4,7736,,
a1a8003e-d7eb-488b-b6b6-9f989b889636,SPS,Iteration,SPS\zz Archive\PAM\C2017.10 S2 (08.14-08.27.),4,7737,,
a1a8003e-d7eb-488b-b6b6-9f989b889636,SPS,Iteration,SPS\zz Archive\PAM\C2017.10 S3 (08.28-09.10.),4,7738,,
a1a8003e-d7eb-488b-b6b6-9f989b889636,SPS,Iteration,SPS\zz Archive\PAM\C2017.10 S4 (09.11.-09.24.),4,7739,,
a1a8003e-d7eb-488b-b6b6-9f989b889636,SPS,Iteration,SPS\zz Archive\PAM\Audit and Analytics sprint 1,4,7740,,
a1a8003e-d7eb-488b-b6b6-9f989b889636,SPS,Iteration,SPS\zz Archive\PAM\C2017.12 S1 (09.25.-10.08.),4,7741,,
a1a8003e-d7eb-488b-b6b6-9f989b889636,SPS,Iteration,SPS\zz Archive\PAM\C2017.12 S2 (10.09.-10.22.),4,7742,,
a1a8003e-d7eb-488b-b6b6-9f989b889636,SPS,Iteration,SPS\zz Archive\PAM\C2017.12 S3 (10.23.-11.05.),4,7743,,
a1a8003e-d7eb-488b-b6b6-9f989b889636,SPS,Iteration,SPS\zz Archive\PAM\C2017.12 S4 (11.06.-11.19.),4,7744,,
a1a8003e-d7eb-488b-b6b6-9f989b889636,SPS,Iteration,SPS\zz Archive\PAM\xmas sprint,4,7745,,
a1a8003e-d7eb-488b-b6b6-9f989b889636,SPS,Iteration,SPS\zz Archive\PAM\C2017.12 S5 (11.20.-12.03.),4,7746,,
a1a8003e-d7eb-488b-b6b6-9f989b889636,SPS,Iteration,SPS\zz Archive\PAM\C2018.02 S2 (01.15.-01.28.),4,7747,,
a1a8003e-d7eb-488b-b6b6-9f989b889636,SPS,Iteration,SPS\zz Archive\PAM\C2018.02 S3 (01.29.-02.11.),4,7748,,
a1a8003e-d7eb-488b-b6b6-9f989b889636,SPS,Iteration,SPS\zz Archive\PAM\C2018.02 S1 (01.02.-01.14.),4,7749,,
a1a8003e-d7eb-488b-b6b6-9f989b889636,SPS,Iteration,SPS\zz Archive\PAM\C2018.02 S4 (02.12.-02.25.),4,7750,,
a1a8003e-d7eb-488b-b6b6-9f989b889636,SPS,Iteration,SPS\zz Archive\PAM\C2018.04 S1 (02.26.-03.11.),4,7751,,
a1a8003e-d7eb-488b-b6b6-9f989b889636,SPS,Iteration,SPS\zz Archive\PAM\Audit  Analytics Kanban,4,7752,,
a1a8003e-d7eb-488b-b6b6-9f989b889636,SPS,Iteration,SPS\zz Archive\PAM\C2018.04 S3 (03.26.-04.08.),4,7754,,
a1a8003e-d7eb-488b-b6b6-9f989b889636,SPS,Iteration,SPS\zz Archive\PAM\Platform S01E08,4,7755,,
a1a8003e-d7eb-488b-b6b6-9f989b889636,SPS,Iteration,SPS\zz Archive\PAM\Platform S01E12,4,7756,,
a1a8003e-d7eb-488b-b6b6-9f989b889636,SPS,Iteration,SPS\zz Archive\PAM\Platform S01E04,4,7757,,
a1a8003e-d7eb-488b-b6b6-9f989b889636,SPS,Iteration,SPS\zz Archive\PAM\Platform S01E06,4,7758,,
a1a8003e-d7eb-488b-b6b6-9f989b889636,SPS,Iteration,SPS\zz Archive\PAM\Platform S01E13,4,7759,,
a1a8003e-d7eb-488b-b6b6-9f989b889636,SPS,Iteration,SPS\zz Archive\PAM\Cadence 2018.02,4,7760,,
a1a8003e-d7eb-488b-b6b6-9f989b889636,SPS,Iteration,SPS\zz Archive\PAM\Platform S01E09,4,7762,,
a1a8003e-d7eb-488b-b6b6-9f989b889636,SPS,Iteration,SPS\zz Archive\PAM\Platform S01E11,4,7763,,
a1a8003e-d7eb-488b-b6b6-9f989b889636,SPS,Iteration,SPS\zz Archive\PAM\Platform S01E05,4,7764,,
a1a8003e-d7eb-488b-b6b6-9f989b889636,SPS,Iteration,SPS\zz Archive\PAM\C2018.04 S4 (04.09.-04.22.),4,7765,,
a1a8003e-d7eb-488b-b6b6-9f989b889636,SPS,Iteration,SPS\zz Archive\PAM\C2018.06 S1,4,7767,,
a1a8003e-d7eb-488b-b6b6-9f989b889636,SPS,Iteration,SPS\zz Archive\PAM\C2018.04 S2 (03.12.-03.25.),4,7768,,
a1a8003e-d7eb-488b-b6b6-9f989b889636,SPS,Iteration,SPS\zz Archive\PAM\C2018.06 S2,4,7792,,
a1a8003e-d7eb-488b-b6b6-9f989b889636,SPS,Iteration,SPS\zz Archive\PAM\C2018.08 S1,4,7793,,
a1a8003e-d7eb-488b-b6b6-9f989b889636,SPS,Iteration,SPS\zz Archive\PAM\C2018.06 S4,4,7794,,
a1a8003e-d7eb-488b-b6b6-9f989b889636,SPS,Iteration,SPS\zz Archive\PAM\C2018.08 S3,4,7796,,
a1a8003e-d7eb-488b-b6b6-9f989b889636,SPS,Iteration,SPS\zz Archive\PAM\C2018.08 S2,4,7797,,
a1a8003e-d7eb-488b-b6b6-9f989b889636,SPS,Iteration,SPS\zz Archive\PAM\SHIELD Kanban,4,7798,,
a1a8003e-d7eb-488b-b6b6-9f989b889636,SPS,Iteration,SPS\zz Archive\PAM\C2018.08 S4,4,7799,,
a1a8003e-d7eb-488b-b6b6-9f989b889636,SPS,Iteration,SPS\zz Archive\PAM\C2018.06 S3,4,7800,,
a1a8003e-d7eb-488b-b6b6-9f989b889636,SPS,Iteration,SPS\zz Archive\PAM\C2018.10 S1,4,7803,,
a1a8003e-d7eb-488b-b6b6-9f989b889636,SPS,Iteration,SPS\zz Archive\PAM\C2018.10 S3,4,7807,,
a1a8003e-d7eb-488b-b6b6-9f989b889636,SPS,Iteration,SPS\zz Archive\PAM\C2018.10 S2,4,7808,,
a1a8003e-d7eb-488b-b6b6-9f989b889636,SPS,Iteration,SPS\zz Archive\PAM\C2018.12 S1,4,7810,,
a1a8003e-d7eb-488b-b6b6-9f989b889636,SPS,Iteration,SPS\zz Archive\PAM\Best 12,4,7811,,
a1a8003e-d7eb-488b-b6b6-9f989b889636,SPS,Iteration,SPS\zz Archive\PAM\C2018.10 S4,4,7812,,
a1a8003e-d7eb-488b-b6b6-9f989b889636,SPS,Iteration,SPS\zz Archive\PAM\C2018.12 S2,4,7814,,
a1a8003e-d7eb-488b-b6b6-9f989b889636,SPS,Iteration,SPS\zz Archive\PAM\C2018.12 S3,4,7815,,
a1a8003e-d7eb-488b-b6b6-9f989b889636,SPS,Iteration,SPS\zz Archive\PAM\C2018.12 S4,4,7817,,
a1a8003e-d7eb-488b-b6b6-9f989b889636,SPS,Iteration,SPS\zz Archive\PAM\C2018.12 S5,4,7821,,
a1a8003e-d7eb-488b-b6b6-9f989b889636,SPS,Iteration,SPS\zz Archive\PAM\C2019.02 S1,4,7826,,
a1a8003e-d7eb-488b-b6b6-9f989b889636,SPS,Iteration,SPS\zz Archive\PAM\C2019.02 S0,4,7827,,
a1a8003e-d7eb-488b-b6b6-9f989b889636,SPS,Iteration,SPS\zz Archive\PAM\C2019.02 S2,4,7832,,
a1a8003e-d7eb-488b-b6b6-9f989b889636,SPS,Iteration,SPS\zz Archive\PAM\C2019.02 S3,4,7833,,
a1a8003e-d7eb-488b-b6b6-9f989b889636,SPS,Iteration,SPS\zz Archive\PAM\Platform S01E03,4,7834,,
a1a8003e-d7eb-488b-b6b6-9f989b889636,SPS,Iteration,SPS\zz Archive\PAM\C2019.02 S4,4,7835,,
a1a8003e-d7eb-488b-b6b6-9f989b889636,SPS,Iteration,SPS\zz Archive\PAM\C2019.04 S2,4,7839,,
a1a8003e-d7eb-488b-b6b6-9f989b889636,SPS,Iteration,SPS\zz Archive\PAM\Vadvirág Benedek S14,4,7840,,
a1a8003e-d7eb-488b-b6b6-9f989b889636,SPS,Iteration,SPS\zz Archive\PAM\VP UI- search sprint 2,4,7842,,
a1a8003e-d7eb-488b-b6b6-9f989b889636,SPS,Iteration,SPS\zz Archive\PAM\Box S21 Xenial,4,7843,,
a1a8003e-d7eb-488b-b6b6-9f989b889636,SPS,Iteration,SPS\zz Archive\PAM\VP UI Sprint - 27,4,7844,,
a1a8003e-d7eb-488b-b6b6-9f989b889636,SPS,Iteration,SPS\zz Archive\PAM\Platform S01E14,4,7847,,
a1a8003e-d7eb-488b-b6b6-9f989b889636,SPS,Iteration,SPS\zz Archive\PAM\VP sprint 1,4,7850,,
a1a8003e-d7eb-488b-b6b6-9f989b889636,SPS,Iteration,SPS\zz Archive\PAM\C2019.04 S3,4,7852,,
a1a8003e-d7eb-488b-b6b6-9f989b889636,SPS,Iteration,SPS\zz Archive\PAM\C2019.04 S4,4,7853,,
a1a8003e-d7eb-488b-b6b6-9f989b889636,SPS,Iteration,SPS\zz Archive\PAM\C2021.09 S6,4,7858,,
a1a8003e-d7eb-488b-b6b6-9f989b889636,SPS,Iteration,SPS\zz Archive\PAM\C2019.06 S1,4,7859,,
a1a8003e-d7eb-488b-b6b6-9f989b889636,SPS,Iteration,SPS\zz Archive\PAM\C2019.06 S2,4,7863,,
a1a8003e-d7eb-488b-b6b6-9f989b889636,SPS,Iteration,SPS\zz Archive\PAM\C2021.12 S2,4,7864,,
a1a8003e-d7eb-488b-b6b6-9f989b889636,SPS,Iteration,SPS\zz Archive\PAM\C2019.06 S3,4,7865,,
a1a8003e-d7eb-488b-b6b6-9f989b889636,SPS,Iteration,SPS\zz Archive\PAM\C2019.06 S4,4,7866,,
a1a8003e-d7eb-488b-b6b6-9f989b889636,SPS,Iteration,SPS\zz Archive\PAM\C2019.08 S1,4,7867,,
a1a8003e-d7eb-488b-b6b6-9f989b889636,SPS,Iteration,SPS\zz Archive\PAM\C2019.04 S1,4,7868,,
a1a8003e-d7eb-488b-b6b6-9f989b889636,SPS,Iteration,SPS\zz Archive\PAM\C2019.08 S2,4,7869,,
a1a8003e-d7eb-488b-b6b6-9f989b889636,SPS,Iteration,SPS\zz Archive\PAM\C2019.08 S3,4,7870,,
a1a8003e-d7eb-488b-b6b6-9f989b889636,SPS,Iteration,SPS\zz Archive\PAM\Platform S01E15,4,7871,,
a1a8003e-d7eb-488b-b6b6-9f989b889636,SPS,Iteration,SPS\zz Archive\PAM\C2019.08 S4,4,7873,,
a1a8003e-d7eb-488b-b6b6-9f989b889636,SPS,Iteration,SPS\zz Archive\PAM\C2019.10 S1,4,7877,,
a1a8003e-d7eb-488b-b6b6-9f989b889636,SPS,Iteration,SPS\zz Archive\PAM\C2019.10 S2,4,7879,,
a1a8003e-d7eb-488b-b6b6-9f989b889636,SPS,Iteration,SPS\zz Archive\PAM\C2019.10 S3,4,7883,,
a1a8003e-d7eb-488b-b6b6-9f989b889636,SPS,Iteration,SPS\zz Archive\PAM\C2019.12 S2,4,7887,,
a1a8003e-d7eb-488b-b6b6-9f989b889636,SPS,Iteration,SPS\zz Archive\PAM\C2019.12 S3,4,7888,,
a1a8003e-d7eb-488b-b6b6-9f989b889636,SPS,Iteration,SPS\zz Archive\PAM\C2019.12 S4,4,7889,,
a1a8003e-d7eb-488b-b6b6-9f989b889636,SPS,Iteration,SPS\zz Archive\PAM\C2019.12 S1,4,7890,,
a1a8003e-d7eb-488b-b6b6-9f989b889636,SPS,Iteration,SPS\zz Archive\PAM\C2020.02 S1,4,7892,,
a1a8003e-d7eb-488b-b6b6-9f989b889636,SPS,Iteration,SPS\zz Archive\PAM\C2020.02 S2,4,7895,,
a1a8003e-d7eb-488b-b6b6-9f989b889636,SPS,Iteration,SPS\zz Archive\PAM\C2020.02 S3,4,7897,,
a1a8003e-d7eb-488b-b6b6-9f989b889636,SPS,Iteration,SPS\zz Archive\PAM\C2020.02 S4,4,7899,,
a1a8003e-d7eb-488b-b6b6-9f989b889636,SPS,Iteration,SPS\zz Archive\PAM\C2020.04 S3,4,7901,,
a1a8003e-d7eb-488b-b6b6-9f989b889636,SPS,Iteration,SPS\zz Archive\PAM\C2020.04 S2,4,7903,,
a1a8003e-d7eb-488b-b6b6-9f989b889636,SPS,Iteration,SPS\zz Archive\PAM\C2020.04 S1,4,7904,,
a1a8003e-d7eb-488b-b6b6-9f989b889636,SPS,Iteration,SPS\zz Archive\PAM\C2020.04 S4,4,7906,,
a1a8003e-d7eb-488b-b6b6-9f989b889636,SPS,Iteration,SPS\zz Archive\PAM\C2020.06 S3,4,7909,,
a1a8003e-d7eb-488b-b6b6-9f989b889636,SPS,Iteration,SPS\zz Archive\PAM\C2020.06 S4,4,7910,,
a1a8003e-d7eb-488b-b6b6-9f989b889636,SPS,Iteration,SPS\zz Archive\PAM\C2020.08 S1,4,7911,,
a1a8003e-d7eb-488b-b6b6-9f989b889636,SPS,Iteration,SPS\zz Archive\PAM\C2020.08 S2,4,7912,,
a1a8003e-d7eb-488b-b6b6-9f989b889636,SPS,Iteration,SPS\zz Archive\PAM\C2020.08 S3,4,7913,,
a1a8003e-d7eb-488b-b6b6-9f989b889636,SPS,Iteration,SPS\zz Archive\PAM\C2020.09 S1,4,7914,,
a1a8003e-d7eb-488b-b6b6-9f989b889636,SPS,Iteration,SPS\zz Archive\PAM\C2020.06 S1,4,7915,,
a1a8003e-d7eb-488b-b6b6-9f989b889636,SPS,Iteration,SPS\zz Archive\PAM\C2020.06 S2,4,7916,,
a1a8003e-d7eb-488b-b6b6-9f989b889636,SPS,Iteration,SPS\zz Archive\PAM\C2020.09 S2,4,7917,,
a1a8003e-d7eb-488b-b6b6-9f989b889636,SPS,Iteration,SPS\zz Archive\PAM\C2020.09 S3,4,7918,,
a1a8003e-d7eb-488b-b6b6-9f989b889636,SPS,Iteration,SPS\zz Archive\PAM\C2020.11 S2,4,7919,,
a1a8003e-d7eb-488b-b6b6-9f989b889636,SPS,Iteration,SPS\zz Archive\PAM\C2020.11 S3,4,7920,,
a1a8003e-d7eb-488b-b6b6-9f989b889636,SPS,Iteration,SPS\zz Archive\PAM\C2020.11 S1,4,7921,,
a1a8003e-d7eb-488b-b6b6-9f989b889636,SPS,Iteration,SPS\zz Archive\PAM\C2021.02 S1,4,7922,,
a1a8003e-d7eb-488b-b6b6-9f989b889636,SPS,Iteration,SPS\zz Archive\PAM\C2021.02 S2,4,7923,,
a1a8003e-d7eb-488b-b6b6-9f989b889636,SPS,Iteration,SPS\zz Archive\PAM\C2021.02 S4,4,7924,,
a1a8003e-d7eb-488b-b6b6-9f989b889636,SPS,Iteration,SPS\zz Archive\PAM\C2020.12 S1,4,7925,,
a1a8003e-d7eb-488b-b6b6-9f989b889636,SPS,Iteration,SPS\zz Archive\PAM\C2021.02 S3,4,7926,,
a1a8003e-d7eb-488b-b6b6-9f989b889636,SPS,Iteration,SPS\zz Archive\PAM\C2021.09 S1,4,7927,,
a1a8003e-d7eb-488b-b6b6-9f989b889636,SPS,Iteration,SPS\zz Archive\PAM\C2021.04 S1,4,7928,,
a1a8003e-d7eb-488b-b6b6-9f989b889636,SPS,Iteration,SPS\zz Archive\PAM\C2021.04 S3,4,7929,,
a1a8003e-d7eb-488b-b6b6-9f989b889636,SPS,Iteration,SPS\zz Archive\PAM\C2021.04 S2,4,7930,,
a1a8003e-d7eb-488b-b6b6-9f989b889636,SPS,Iteration,SPS\zz Archive\PAM\C2021.04 S4,4,7931,,
a1a8003e-d7eb-488b-b6b6-9f989b889636,SPS,Iteration,SPS\zz Archive\PAM\C2021.09 S3,4,7932,,
a1a8003e-d7eb-488b-b6b6-9f989b889636,SPS,Iteration,SPS\zz Archive\PAM\C2021.09 S2,4,7933,,
a1a8003e-d7eb-488b-b6b6-9f989b889636,SPS,Iteration,SPS\zz Archive\PAM\C2021.09 S5,4,7934,,
a1a8003e-d7eb-488b-b6b6-9f989b889636,SPS,Iteration,SPS\zz Archive\PAM\C2021.09 S4,4,7935,,
a1a8003e-d7eb-488b-b6b6-9f989b889636,SPS,Iteration,SPS\zz Archive\PAM\C2021.09 S7,4,7936,,
a1a8003e-d7eb-488b-b6b6-9f989b889636,SPS,Iteration,SPS\zz Archive\PAM\C2021.12 S1,4,7937,,
a1a8003e-d7eb-488b-b6b6-9f989b889636,SPS,Iteration,SPS\zz Archive\PAM\C2021.12 S3,4,7938,,
a1a8003e-d7eb-488b-b6b6-9f989b889636,SPS,Iteration,SPS\zz Archive\PAM\C2021.12 S4,4,7939,,
a1a8003e-d7eb-488b-b6b6-9f989b889636,SPS,Iteration,SPS\zz Archive\PAM\C2021.12 S5,4,7940,,
a1a8003e-d7eb-488b-b6b6-9f989b889636,SPS,Iteration,SPS\zz Archive\PAM\C2021.12 S6,4,7941,,
a1a8003e-d7eb-488b-b6b6-9f989b889636,SPS,Iteration,SPS\zz Archive\PAM\C2021.12 S7,4,7942,,
a1a8003e-d7eb-488b-b6b6-9f989b889636,SPS,Iteration,SPS\zz Archive\PAM\C2022.03 S1,4,7943,,
a1a8003e-d7eb-488b-b6b6-9f989b889636,SPS,Iteration,SPS\zz Archive\PAM\C2022.03 S2,4,7944,,
a1a8003e-d7eb-488b-b6b6-9f989b889636,SPS,Iteration,SPS\zz Archive\PAM\C2022.03 S5,4,7945,,
a1a8003e-d7eb-488b-b6b6-9f989b889636,SPS,Iteration,SPS\zz Archive\PAM\C2022.03 S6,4,7946,,
a1a8003e-d7eb-488b-b6b6-9f989b889636,SPS,Iteration,SPS\zz Archive\PAM\C2022.03 S3,4,7947,,
a1a8003e-d7eb-488b-b6b6-9f989b889636,SPS,Iteration,SPS\zz Archive\PAM\C2022.03 S4,4,7948,,
a1a8003e-d7eb-488b-b6b6-9f989b889636,SPS,Iteration,SPS\zz Archive\PAM\UI 2022.06 Sprint2,4,7949,,
a1a8003e-d7eb-488b-b6b6-9f989b889636,SPS,Iteration,SPS\zz Archive\PAM\UI 2022.06 Sprint1,4,7950,,
a1a8003e-d7eb-488b-b6b6-9f989b889636,SPS,Iteration,SPS\zz Archive\PAM\C2022.06 S3,4,7951,,
a1a8003e-d7eb-488b-b6b6-9f989b889636,SPS,Iteration,SPS\zz Archive\PAM\C2022.06 S5,4,7952,,
a1a8003e-d7eb-488b-b6b6-9f989b889636,SPS,Iteration,SPS\zz Archive\PAM\C2022.06 S6,4,7953,,
a1a8003e-d7eb-488b-b6b6-9f989b889636,SPS,Iteration,SPS\zz Archive\PAM\C2022.06 S1,4,7954,,
a1a8003e-d7eb-488b-b6b6-9f989b889636,SPS,Iteration,SPS\zz Archive\PAM\AAVP C2022.06 S7,4,7955,,
a1a8003e-d7eb-488b-b6b6-9f989b889636,SPS,Iteration,SPS\zz Archive\PAM\C2022.09 S1,4,7956,,
a1a8003e-d7eb-488b-b6b6-9f989b889636,SPS,Iteration,SPS\zz Archive\PAM\UI 2022.09 Sprint1,4,7957,,
a1a8003e-d7eb-488b-b6b6-9f989b889636,SPS,Iteration,SPS\zz Archive\PAM\UI 2022.06 Sprint5,4,7958,,
a1a8003e-d7eb-488b-b6b6-9f989b889636,SPS,Iteration,SPS\zz Archive\PAM\C2022.06 S4,4,7959,,
a1a8003e-d7eb-488b-b6b6-9f989b889636,SPS,Iteration,SPS\zz Archive\PAM\C2022.09 S2,4,7960,,
a1a8003e-d7eb-488b-b6b6-9f989b889636,SPS,Iteration,SPS\zz Archive\PAM\AAVP C2022.06 S6,4,7961,,
a1a8003e-d7eb-488b-b6b6-9f989b889636,SPS,Iteration,SPS\zz Archive\PAM\C2022.09 S3,4,7962,,
a1a8003e-d7eb-488b-b6b6-9f989b889636,SPS,Iteration,SPS\zz Archive\PAM\UI 2022.09 Sprint3,4,7963,,
a1a8003e-d7eb-488b-b6b6-9f989b889636,SPS,Iteration,SPS\zz Archive\PAM\C2022.09 S4,4,7964,,
a1a8003e-d7eb-488b-b6b6-9f989b889636,SPS,Iteration,SPS\zz Archive\PAM\AAVP C2022.09 S1,4,7965,,
a1a8003e-d7eb-488b-b6b6-9f989b889636,SPS,Iteration,SPS\zz Archive\PAM\UI 2022.09 Sprint4,4,7966,,
a1a8003e-d7eb-488b-b6b6-9f989b889636,SPS,Iteration,SPS\zz Archive\PAM\C2022.09 S5,4,7967,,
a1a8003e-d7eb-488b-b6b6-9f989b889636,SPS,Iteration,SPS\zz Archive\PAM\C2022.12 S6,4,7968,,
a1a8003e-d7eb-488b-b6b6-9f989b889636,SPS,Iteration,SPS\zz Archive\PAM\C2022.12 S7,4,7969,,
a1a8003e-d7eb-488b-b6b6-9f989b889636,SPS,Iteration,SPS\zz Archive\PAM\Audit C2022.09 S6,4,7970,,
a1a8003e-d7eb-488b-b6b6-9f989b889636,SPS,Iteration,SPS\zz Archive\PAM\Audit C2022.12 S1,4,7972,,
a1a8003e-d7eb-488b-b6b6-9f989b889636,SPS,Iteration,SPS\zz Archive\PAM\C2022.12 S8,4,7973,,
a1a8003e-d7eb-488b-b6b6-9f989b889636,SPS,Iteration,SPS\zz Archive\PAM\C2022.12 S9,4,7975,,
a1a8003e-d7eb-488b-b6b6-9f989b889636,SPS,Iteration,SPS\zz Archive\PAM\Audit C2022.12 S2,4,7976,,
a1a8003e-d7eb-488b-b6b6-9f989b889636,SPS,Iteration,SPS\zz Archive\PAM\UI 2022.12 Sprint1,4,7977,,
a1a8003e-d7eb-488b-b6b6-9f989b889636,SPS,Iteration,SPS\zz Archive\PAM\UI 2022.12 Sprint2,4,7979,,
a1a8003e-d7eb-488b-b6b6-9f989b889636,SPS,Iteration,SPS\zz Archive\PAM\C2022.12 S10,4,7981,,
a1a8003e-d7eb-488b-b6b6-9f989b889636,SPS,Iteration,SPS\zz Archive\PAM\Audit C2022.12 S3,4,7982,,
a1a8003e-d7eb-488b-b6b6-9f989b889636,SPS,Iteration,SPS\zz Archive\PAM\C2022.12 S11,4,7983,,
a1a8003e-d7eb-488b-b6b6-9f989b889636,SPS,Iteration,SPS\zz Archive\PAM\UI 2022.12 Sprint4,4,7984,,
a1a8003e-d7eb-488b-b6b6-9f989b889636,SPS,Iteration,SPS\zz Archive\PAM\Audit C2022.12 S4,4,7985,,
a1a8003e-d7eb-488b-b6b6-9f989b889636,SPS,Iteration,SPS\zz Archive\PAM\Audit C2022.12 S5,4,7986,,
a1a8003e-d7eb-488b-b6b6-9f989b889636,SPS,Iteration,SPS\zz Archive\PAM\VP Sprint 30,4,8010,,
a1a8003e-d7eb-488b-b6b6-9f989b889636,SPS,Iteration,SPS\zz Archive\PAM\Cadence 2017.08,4,8011,,
a1a8003e-d7eb-488b-b6b6-9f989b889636,SPS,Iteration,SPS\zz Archive\PAM\C2017.08 S2 (06.19.-07.02.),4,8012,,
a1a8003e-d7eb-488b-b6b6-9f989b889636,SPS,Iteration,SPS\zz Archive\PAM\Data Science Kanban,4,8055,,
a1a8003e-d7eb-488b-b6b6-9f989b889636,SPS,Iteration,SPS\zz Archive\PAM\C2020.12 S2,4,8090,,
a1a8003e-d7eb-488b-b6b6-9f989b889636,SPS,Iteration,SPS\zz Archive\PAM\C2021.02 S2 AA-VP,4,8091,,
a1a8003e-d7eb-488b-b6b6-9f989b889636,SPS,Iteration,SPS\zz Archive\PAM\C2022.06 S2,4,8092,,
a1a8003e-d7eb-488b-b6b6-9f989b889636,SPS,Iteration,SPS\zz Archive\PAM\UI 2022.06 Sprint3,4,8093,,
a1a8003e-d7eb-488b-b6b6-9f989b889636,SPS,Iteration,SPS\zz Archive\PAM\UI 2022.06 Sprint4,4,8094,,
a1a8003e-d7eb-488b-b6b6-9f989b889636,SPS,Iteration,SPS\zz Archive\PAM\C2022.06 S7,4,8095,,
a1a8003e-d7eb-488b-b6b6-9f989b889636,SPS,Iteration,SPS\zz Archive\PAM\UI 2022.06 Sprint6,4,8096,,
a1a8003e-d7eb-488b-b6b6-9f989b889636,SPS,Iteration,SPS\zz Archive\PAM\AAVP C2022.06 S5,4,8097,,
a1a8003e-d7eb-488b-b6b6-9f989b889636,SPS,Iteration,SPS\zz Archive\PAM\UI 2022.09 Sprint8,4,8098,,
a1a8003e-d7eb-488b-b6b6-9f989b889636,SPS,Iteration,SPS\zz Archive\PAM\UI 2022.09 Sprint6,4,8099,,
a1a8003e-d7eb-488b-b6b6-9f989b889636,SPS,Iteration,SPS\zz Archive\PAM\UI 2022.09 Sprint2,4,8100,,
a1a8003e-d7eb-488b-b6b6-9f989b889636,SPS,Iteration,SPS\zz Archive\PAM\UI 2022.09 Sprint7,4,8101,,
a1a8003e-d7eb-488b-b6b6-9f989b889636,SPS,Iteration,SPS\zz Archive\PAM\AAVP C2022.09 S5,4,8102,,
a1a8003e-d7eb-488b-b6b6-9f989b889636,SPS,Iteration,SPS\zz Archive\PAM\UI 2022.09 Sprint5,4,8103,,
a1a8003e-d7eb-488b-b6b6-9f989b889636,SPS,Iteration,SPS\zz Archive\PAM\AAVP C2022.09 S4,4,8104,,
a1a8003e-d7eb-488b-b6b6-9f989b889636,SPS,Iteration,SPS\zz Archive\PAM\AAVP C2022.09 S2,4,8105,,
a1a8003e-d7eb-488b-b6b6-9f989b889636,SPS,Iteration,SPS\zz Archive\PAM\UI 2022.12 Sprint3,4,8106,,
a1a8003e-d7eb-488b-b6b6-9f989b889636,SPS,Iteration,SPS\zz Archive\PAM\UI 2022.12 Sprint5,4,8107,,
a1a8003e-d7eb-488b-b6b6-9f989b889636,SPS,Iteration,SPS\zz Archive\PAM\UI 2022.12 Sprint6,4,8108,,
a1a8003e-d7eb-488b-b6b6-9f989b889636,SPS,Iteration,SPS\zz Archive\PAM\BSP 2016.08. release sprint,4,8109,,
a1a8003e-d7eb-488b-b6b6-9f989b889636,SPS,Iteration,SPS\zz Archive\PAM\C2022.12 S12,4,8126,,
a1a8003e-d7eb-488b-b6b6-9f989b889636,SPS,Iteration,SPS\zz Archive\PAM\Audit C2022.12 S6,4,8235,,
a1a8003e-d7eb-488b-b6b6-9f989b889636,SPS,Iteration,SPS\zz Archive\PAM\C2022.12 S13,4,8236,,
a1a8003e-d7eb-488b-b6b6-9f989b889636,SPS,Iteration,SPS\zz Archive\Platform,3,7616,,
a1a8003e-d7eb-488b-b6b6-9f989b889636,SPS,Iteration,SPS\zz Archive\Platform\C2022.12 S11,4,7617,2022-10-26T00:00:00Z,2022-11-08T00:00:00Z
a1a8003e-d7eb-488b-b6b6-9f989b889636,SPS,Iteration,SPS\zz Archive\Platform\C2022.12 S12,4,8244,2022-11-09T00:00:00Z,2022-11-22T00:00:00Z
a1a8003e-d7eb-488b-b6b6-9f989b889636,SPS,Iteration,SPS\zz Archive\Platform\C2022.12 S13,4,8282,2022-11-23T00:00:00Z,2022-12-06T00:00:00Z
a1a8003e-d7eb-488b-b6b6-9f989b889636,SPS,Iteration,SPS\zz Archive\Platform\C2023.03 S01,4,8983,2022-12-07T00:00:00Z,2023-01-17T00:00:00Z
a1a8003e-d7eb-488b-b6b6-9f989b889636,SPS,Iteration,SPS\zz Archive\Platform\C2023.03 S02,4,9067,2023-01-18T00:00:00Z,2023-01-31T00:00:00Z
a1a8003e-d7eb-488b-b6b6-9f989b889636,SPS,Iteration,SPS\zz Archive\Platform\C2023.03 S03,4,9178,2023-02-01T00:00:00Z,2023-02-14T00:00:00Z
a1a8003e-d7eb-488b-b6b6-9f989b889636,SPS,Iteration,SPS\zz Archive\Platform\C2023.03 S04,4,9198,2023-02-15T00:00:00Z,2023-02-28T00:00:00Z
a1a8003e-d7eb-488b-b6b6-9f989b889636,SPS,Iteration,SPS\zz Archive\Platform\C2023.06 S01,4,9206,2023-03-01T00:00:00Z,2023-03-14T00:00:00Z
a1a8003e-d7eb-488b-b6b6-9f989b889636,SPS,Iteration,SPS\zz Archive\Platform\C2023.06 S02,4,9217,2023-03-15T00:00:00Z,2023-03-28T00:00:00Z
a1a8003e-d7eb-488b-b6b6-9f989b889636,SPS,Iteration,SPS\zz Archive\Platform\C2023.06 S03,4,9231,2023-03-29T00:00:00Z,2023-04-11T00:00:00Z
a1a8003e-d7eb-488b-b6b6-9f989b889636,SPS,Iteration,SPS\zz Archive\Platform\C2023.06 S04,4,9242,2023-04-12T00:00:00Z,2023-04-25T00:00:00Z
a1a8003e-d7eb-488b-b6b6-9f989b889636,SPS,Iteration,SPS\zz Archive\Platform\C2023.06 S05,4,9245,2023-04-26T00:00:00Z,2023-05-09T00:00:00Z
a1a8003e-d7eb-488b-b6b6-9f989b889636,SPS,Iteration,SPS\zz Archive\Platform\C2023.06 S06,4,9254,2023-05-10T00:00:00Z,2023-05-23T00:00:00Z
a1a8003e-d7eb-488b-b6b6-9f989b889636,SPS,Iteration,SPS\zz Archive\Platform\C2023.09 S01,4,9276,2023-05-24T00:00:00Z,2023-06-06T00:00:00Z
a1a8003e-d7eb-488b-b6b6-9f989b889636,SPS,Iteration,SPS\zz Archive\Platform\C2023.09 S02,4,9277,2023-06-07T00:00:00Z,2023-06-20T00:00:00Z
a1a8003e-d7eb-488b-b6b6-9f989b889636,SPS,Iteration,SPS\zz Archive\Platform\C2023.09 S03,4,9291,2023-06-21T00:00:00Z,2023-07-04T00:00:00Z
a1a8003e-d7eb-488b-b6b6-9f989b889636,SPS,Iteration,SPS\zz Archive\Platform\C2023.09 S04,4,9315,2023-07-05T00:00:00Z,2023-07-18T00:00:00Z
a1a8003e-d7eb-488b-b6b6-9f989b889636,SPS,Iteration,SPS\zz Archive\Platform\C2023.09 S05,4,9325,2023-07-19T00:00:00Z,2023-08-01T00:00:00Z
a1a8003e-d7eb-488b-b6b6-9f989b889636,SPS,Iteration,SPS\zz Archive\Platform\C2023.09 S06,4,9337,2023-08-02T00:00:00Z,2023-08-15T00:00:00Z
a1a8003e-d7eb-488b-b6b6-9f989b889636,SPS,Iteration,SPS\zz Archive\Platform\C2023.09 S07,4,9339,2023-08-16T00:00:00Z,2023-08-29T00:00:00Z
a1a8003e-d7eb-488b-b6b6-9f989b889636,SPS,Iteration,SPS\zz Archive\Platform\C2023.09 S08,4,9381,2023-08-30T00:00:00Z,2023-09-12T00:00:00Z
a1a8003e-d7eb-488b-b6b6-9f989b889636,SPS,Iteration,SPS\zz Archive\Platform\I2023.01 S01,4,9396,2023-09-13T00:00:00Z,2023-09-26T00:00:00Z
a1a8003e-d7eb-488b-b6b6-9f989b889636,SPS,Iteration,SPS\zz Archive\UI,3,7621,,
a1a8003e-d7eb-488b-b6b6-9f989b889636,SPS,Iteration,SPS\zz Archive\UI\UI C2022.12 S6,4,7622,2022-10-30T00:00:00Z,2022-11-11T00:00:00Z
a1a8003e-d7eb-488b-b6b6-9f989b889636,SPS,Iteration,SPS\zz Archive\UI\UI C2023.03 S1,4,8245,2022-11-14T00:00:00Z,2022-11-25T00:00:00Z
a1a8003e-d7eb-488b-b6b6-9f989b889636,SPS,Iteration,SPS\zz Archive\UI\UI C2023.03 S2,4,8897,2022-11-28T00:00:00Z,2022-12-09T00:00:00Z
a1a8003e-d7eb-488b-b6b6-9f989b889636,SPS,Iteration,SPS\zz Archive\UI\UI C2023.03 S3,4,8898,2022-12-12T00:00:00Z,2022-12-23T00:00:00Z
a1a8003e-d7eb-488b-b6b6-9f989b889636,SPS,Iteration,SPS\zz Archive\UI\UI C2023.03 S4,4,8899,2022-12-26T00:00:00Z,2023-01-06T00:00:00Z
a1a8003e-d7eb-488b-b6b6-9f989b889636,SPS,Iteration,SPS\zz Archive\UI\UI C2023.03 S5,4,8900,2023-01-09T00:00:00Z,2023-01-20T00:00:00Z
a1a8003e-d7eb-488b-b6b6-9f989b889636,SPS,Iteration,SPS\zz Archive\UI\UI C2023.03 S6,4,8901,2023-01-23T00:00:00Z,2023-02-03T00:00:00Z
a1a8003e-d7eb-488b-b6b6-9f989b889636,SPS,Iteration,SPS\zz Archive\UI\UI C2021.04,4,8994,2021-03-01T00:00:00Z,2021-04-23T00:00:00Z
a1a8003e-d7eb-488b-b6b6-9f989b889636,SPS,Iteration,SPS\zz Archive\UI\UI C2022.03 S6,4,9005,2022-01-17T00:00:00Z,2022-01-28T00:00:00Z
a1a8003e-d7eb-488b-b6b6-9f989b889636,SPS,Iteration,SPS\zz Archive\UI\UI C2023.06 S1,4,9186,2023-02-06T00:00:00Z,2023-02-17T00:00:00Z
a1a8003e-d7eb-488b-b6b6-9f989b889636,SPS,Iteration,SPS\zz Archive\UI\UI C2023.06 S2,4,9187,2023-02-20T00:00:00Z,2023-03-03T00:00:00Z
a1a8003e-d7eb-488b-b6b6-9f989b889636,SPS,Iteration,SPS\zz Archive\UI\UI C2023.06 S3,4,9188,2023-03-06T00:00:00Z,2023-03-17T00:00:00Z
a1a8003e-d7eb-488b-b6b6-9f989b889636,SPS,Iteration,SPS\zz Archive\UI\UI C2023.06 S4,4,9189,2023-03-20T00:00:00Z,2023-03-31T00:00:00Z
a1a8003e-d7eb-488b-b6b6-9f989b889636,SPS,Iteration,SPS\zz Archive\UI\UI C2023.06 S5,4,9190,2023-04-03T00:00:00Z,2023-04-14T00:00:00Z
a1a8003e-d7eb-488b-b6b6-9f989b889636,SPS,Iteration,SPS\zz Archive\UI\UI C2023.06 S6,4,9191,2023-04-17T00:00:00Z,2023-04-28T00:00:00Z
a1a8003e-d7eb-488b-b6b6-9f989b889636,SPS,Iteration,SPS\zz Archive\UI\UI C2023.06 S7,4,9247,2023-05-01T00:00:00Z,2023-05-12T00:00:00Z
a1a8003e-d7eb-488b-b6b6-9f989b889636,SPS,Iteration,SPS\zz Archive\UI\UI C2023.09 S1,4,9256,2023-05-15T00:00:00Z,2023-05-26T00:00:00Z
a1a8003e-d7eb-488b-b6b6-9f989b889636,SPS,Iteration,SPS\zz Archive\UI\UI C2023.09 S2,4,9257,2023-05-29T00:00:00Z,2023-06-09T00:00:00Z
a1a8003e-d7eb-488b-b6b6-9f989b889636,SPS,Iteration,SPS\zz Archive\UI\UI C2023.09 S3,4,9258,2023-06-12T00:00:00Z,2023-06-23T00:00:00Z
a1a8003e-d7eb-488b-b6b6-9f989b889636,SPS,Iteration,SPS\zz Archive\UI\UI C2023.09 S4,4,9259,2023-06-26T00:00:00Z,2023-07-07T00:00:00Z
a1a8003e-d7eb-488b-b6b6-9f989b889636,SPS,Iteration,SPS\zz Archive\UI\UI C2023.09 S5,4,9260,2023-07-10T00:00:00Z,2023-07-21T00:00:00Z
a1a8003e-d7eb-488b-b6b6-9f989b889636,SPS,Iteration,SPS\zz Archive\UI\UI C2023.09 S6,4,9327,2023-07-24T00:00:00Z,2023-08-04T00:00:00Z
a1a8003e-d7eb-488b-b6b6-9f989b889636,SPS,Iteration,SPS\zz Archive\UI\UI C2023.09 S7,4,9328,2023-08-07T00:00:00Z,2023-08-18T00:00:00Z
a1a8003e-d7eb-488b-b6b6-9f989b889636,SPS,Iteration,SPS\zz Archive\UI\UI I2023i01 S1,4,9368,2023-09-04T00:00:00Z,2023-09-15T00:00:00Z
a1a8003e-d7eb-488b-b6b6-9f989b889636,SPS,Iteration,SPS\zz Archive\UI\UI C2023.09 S8,4,9369,2023-08-21T00:00:00Z,2023-09-01T00:00:00Z
a1a8003e-d7eb-488b-b6b6-9f989b889636,SPS,Iteration,SPS\zz Archive\UI\UI I2023i01 S2,4,9397,2023-09-18T00:00:00Z,2023-09-29T00:00:00Z
a1a8003e-d7eb-488b-b6b6-9f989b889636,SPS,Iteration,SPS\zz Archive\SCB,3,7774,,
a1a8003e-d7eb-488b-b6b6-9f989b889636,SPS,Iteration,SPS\zz Archive\SCB\Best 14,4,7775,,
a1a8003e-d7eb-488b-b6b6-9f989b889636,SPS,Iteration,SPS\zz Archive\SCB\Vadvirág Benedek S11,4,7776,,
a1a8003e-d7eb-488b-b6b6-9f989b889636,SPS,Iteration,SPS\zz Archive\SCB\Vadvirág Benedek S10,4,7777,,
a1a8003e-d7eb-488b-b6b6-9f989b889636,SPS,Iteration,SPS\zz Archive\SCB\Best 15,4,7778,,
a1a8003e-d7eb-488b-b6b6-9f989b889636,SPS,Iteration,SPS\zz Archive\SCB\Best 16,4,7779,,
a1a8003e-d7eb-488b-b6b6-9f989b889636,SPS,Iteration,SPS\zz Archive\SCB\Box S5,4,7781,,
a1a8003e-d7eb-488b-b6b6-9f989b889636,SPS,Iteration,SPS\zz Archive\SCB\VP Sprint 8,4,7783,,
a1a8003e-d7eb-488b-b6b6-9f989b889636,SPS,Iteration,SPS\zz Archive\SCB\Vadvirág Benedek sprint 6,4,7784,,
a1a8003e-d7eb-488b-b6b6-9f989b889636,SPS,Iteration,SPS\zz Archive\SCB\Best 20,4,7786,,
a1a8003e-d7eb-488b-b6b6-9f989b889636,SPS,Iteration,SPS\zz Archive\SCB\Box S9,4,7787,,
a1a8003e-d7eb-488b-b6b6-9f989b889636,SPS,Iteration,SPS\zz Archive\SCB\Vadvirág Benedek S9,4,7789,,
a1a8003e-d7eb-488b-b6b6-9f989b889636,SPS,Iteration,SPS\zz Archive\SCB\Core Kanban,4,7790,,
a1a8003e-d7eb-488b-b6b6-9f989b889636,SPS,Iteration,SPS\zz Archive\SCB\Box S8,4,7791,,
a1a8003e-d7eb-488b-b6b6-9f989b889636,SPS,Iteration,SPS\zz Archive\SCB\VP sprint 6,4,7795,,
a1a8003e-d7eb-488b-b6b6-9f989b889636,SPS,Iteration,SPS\zz Archive\SCB\Best 28,4,7801,,
a1a8003e-d7eb-488b-b6b6-9f989b889636,SPS,Iteration,SPS\zz Archive\SCB\VP UI - Catamorphic Involution,4,7802,,
a1a8003e-d7eb-488b-b6b6-9f989b889636,SPS,Iteration,SPS\zz Archive\SCB\Best 31,4,7804,,
a1a8003e-d7eb-488b-b6b6-9f989b889636,SPS,Iteration,SPS\zz Archive\SCB\VP Sprint 9,4,7805,,
a1a8003e-d7eb-488b-b6b6-9f989b889636,SPS,Iteration,SPS\zz Archive\SCB\Box S21 Xenial,4,7806,,
a1a8003e-d7eb-488b-b6b6-9f989b889636,SPS,Iteration,SPS\zz Archive\SCB\VP Sprint 11,4,7809,,
a1a8003e-d7eb-488b-b6b6-9f989b889636,SPS,Iteration,SPS\zz Archive\SCB\Box S13,4,7813,,
a1a8003e-d7eb-488b-b6b6-9f989b889636,SPS,Iteration,SPS\zz Archive\SCB\Vadvirág Benedek S14,4,7816,,
a1a8003e-d7eb-488b-b6b6-9f989b889636,SPS,Iteration,SPS\zz Archive\SCB\Box S23,4,7818,,
a1a8003e-d7eb-488b-b6b6-9f989b889636,SPS,Iteration,SPS\zz Archive\SCB\NNX Core S26,4,7819,,
a1a8003e-d7eb-488b-b6b6-9f989b889636,SPS,Iteration,SPS\zz Archive\SCB\VP Sprint 16,4,7822,,
a1a8003e-d7eb-488b-b6b6-9f989b889636,SPS,Iteration,SPS\zz Archive\SCB\VP UI - maintenance,4,7823,,
a1a8003e-d7eb-488b-b6b6-9f989b889636,SPS,Iteration,SPS\zz Archive\SCB\VP Sprint 13,4,7824,,
a1a8003e-d7eb-488b-b6b6-9f989b889636,SPS,Iteration,SPS\zz Archive\SCB\VP Sprint 12,4,7825,,
a1a8003e-d7eb-488b-b6b6-9f989b889636,SPS,Iteration,SPS\zz Archive\SCB\VP Sprint 15,4,7828,,
a1a8003e-d7eb-488b-b6b6-9f989b889636,SPS,Iteration,SPS\zz Archive\SCB\VP Sprint 14,4,7829,,
a1a8003e-d7eb-488b-b6b6-9f989b889636,SPS,Iteration,SPS\zz Archive\SCB\VP UI- search sprint 2,4,7830,,
a1a8003e-d7eb-488b-b6b6-9f989b889636,SPS,Iteration,SPS\zz Archive\SCB\VP UI Sprint - Bella,4,7831,,
a1a8003e-d7eb-488b-b6b6-9f989b889636,SPS,Iteration,SPS\zz Archive\SCB\VP Sprint 18,4,7836,,
a1a8003e-d7eb-488b-b6b6-9f989b889636,SPS,Iteration,SPS\zz Archive\SCB\Box S24,4,7837,,
a1a8003e-d7eb-488b-b6b6-9f989b889636,SPS,Iteration,SPS\zz Archive\SCB\Box S29,4,7838,,
a1a8003e-d7eb-488b-b6b6-9f989b889636,SPS,Iteration,SPS\zz Archive\SCB\VP Sprint 21,4,7841,,
a1a8003e-d7eb-488b-b6b6-9f989b889636,SPS,Iteration,SPS\zz Archive\SCB\Best 10,4,7845,,
a1a8003e-d7eb-488b-b6b6-9f989b889636,SPS,Iteration,SPS\zz Archive\SCB\BOX S30,4,7846,,
a1a8003e-d7eb-488b-b6b6-9f989b889636,SPS,Iteration,SPS\zz Archive\SCB\VP Sprint 20,4,7848,,
a1a8003e-d7eb-488b-b6b6-9f989b889636,SPS,Iteration,SPS\zz Archive\SCB\VP UI Sprint -19,4,7849,,
a1a8003e-d7eb-488b-b6b6-9f989b889636,SPS,Iteration,SPS\zz Archive\SCB\BOX S35,4,7851,,
a1a8003e-d7eb-488b-b6b6-9f989b889636,SPS,Iteration,SPS\zz Archive\SCB\VP Sprint 17,4,7854,,
a1a8003e-d7eb-488b-b6b6-9f989b889636,SPS,Iteration,SPS\zz Archive\SCB\BOX S36,4,7855,,
a1a8003e-d7eb-488b-b6b6-9f989b889636,SPS,Iteration,SPS\zz Archive\SCB\BOX S33,4,7856,,
a1a8003e-d7eb-488b-b6b6-9f989b889636,SPS,Iteration,SPS\zz Archive\SCB\BOX S34,4,7857,,
a1a8003e-d7eb-488b-b6b6-9f989b889636,SPS,Iteration,SPS\zz Archive\SCB\VP Sprint 28,4,7860,,
a1a8003e-d7eb-488b-b6b6-9f989b889636,SPS,Iteration,SPS\zz Archive\SCB\VP UI Sprint - 27,4,7861,,
a1a8003e-d7eb-488b-b6b6-9f989b889636,SPS,Iteration,SPS\zz Archive\SCB\Vadvirág Benedek S28,4,7862,,
a1a8003e-d7eb-488b-b6b6-9f989b889636,SPS,Iteration,SPS\zz Archive\SCB\Vadvirág Benedek S30,4,7874,,
a1a8003e-d7eb-488b-b6b6-9f989b889636,SPS,Iteration,SPS\zz Archive\SCB\Vadvirág Benedek S27,4,7876,,
a1a8003e-d7eb-488b-b6b6-9f989b889636,SPS,Iteration,SPS\zz Archive\SCB\Vadvirág Benedek S29,4,7878,,
a1a8003e-d7eb-488b-b6b6-9f989b889636,SPS,Iteration,SPS\zz Archive\SCB\VP UI Sprint - 29,4,7880,,
a1a8003e-d7eb-488b-b6b6-9f989b889636,SPS,Iteration,SPS\zz Archive\SCB\Best 34,4,7881,,
a1a8003e-d7eb-488b-b6b6-9f989b889636,SPS,Iteration,SPS\zz Archive\SCB\Platform S01E02,4,7882,,
a1a8003e-d7eb-488b-b6b6-9f989b889636,SPS,Iteration,SPS\zz Archive\SCB\VP UI Sprint - 30,4,7884,,
a1a8003e-d7eb-488b-b6b6-9f989b889636,SPS,Iteration,SPS\zz Archive\SCB\NNX S30,4,7885,,
a1a8003e-d7eb-488b-b6b6-9f989b889636,SPS,Iteration,SPS\zz Archive\SCB\VP Sprint 22,4,7886,,
a1a8003e-d7eb-488b-b6b6-9f989b889636,SPS,Iteration,SPS\zz Archive\SCB\Vadvirág Benedek S18,4,7891,,
a1a8003e-d7eb-488b-b6b6-9f989b889636,SPS,Iteration,SPS\zz Archive\SCB\Box S17,4,7893,,
a1a8003e-d7eb-488b-b6b6-9f989b889636,SPS,Iteration,SPS\zz Archive\SCB\VP Sprint 31,4,7894,,
a1a8003e-d7eb-488b-b6b6-9f989b889636,SPS,Iteration,SPS\zz Archive\SCB\Box S10,4,7896,,
a1a8003e-d7eb-488b-b6b6-9f989b889636,SPS,Iteration,SPS\zz Archive\SCB\Best 22,4,7898,,
a1a8003e-d7eb-488b-b6b6-9f989b889636,SPS,Iteration,SPS\zz Archive\SCB\NNX Core Sprint 9,4,7900,,
a1a8003e-d7eb-488b-b6b6-9f989b889636,SPS,Iteration,SPS\zz Archive\SCB\Best 17,4,7902,,
a1a8003e-d7eb-488b-b6b6-9f989b889636,SPS,Iteration,SPS\zz Archive\SCB\VP Sprint 10,4,7905,,
a1a8003e-d7eb-488b-b6b6-9f989b889636,SPS,Iteration,SPS\zz Archive\SCB\Box S15,4,7907,,
a1a8003e-d7eb-488b-b6b6-9f989b889636,SPS,Iteration,SPS\zz Archive\SCB\Platform S01E01,4,7908,,
a1a8003e-d7eb-488b-b6b6-9f989b889636,SPS,Iteration,SPS\zz Archive\SCB\Box Kanban,4,8013,,
a1a8003e-d7eb-488b-b6b6-9f989b889636,SPS,Iteration,SPS\zz Archive\SCB\Box S1,4,8014,,
a1a8003e-d7eb-488b-b6b6-9f989b889636,SPS,Iteration,SPS\zz Archive\SCB\Box S2,4,8015,,
a1a8003e-d7eb-488b-b6b6-9f989b889636,SPS,Iteration,SPS\zz Archive\SCB\VP sprint 4,4,8016,,
a1a8003e-d7eb-488b-b6b6-9f989b889636,SPS,Iteration,SPS\zz Archive\SCB\Best 12,4,8017,,
a1a8003e-d7eb-488b-b6b6-9f989b889636,SPS,Iteration,SPS\zz Archive\SCB\Box S3,4,8018,,
a1a8003e-d7eb-488b-b6b6-9f989b889636,SPS,Iteration,SPS\zz Archive\SCB\Best 13,4,8019,,
a1a8003e-d7eb-488b-b6b6-9f989b889636,SPS,Iteration,SPS\zz Archive\SCB\Box S7,4,8020,,
a1a8003e-d7eb-488b-b6b6-9f989b889636,SPS,Iteration,SPS\zz Archive\SCB\VP UI S5 - Angular4,4,8021,,
a1a8003e-d7eb-488b-b6b6-9f989b889636,SPS,Iteration,SPS\zz Archive\SCB\VP UI 2,4,8022,,
a1a8003e-d7eb-488b-b6b6-9f989b889636,SPS,Iteration,SPS\zz Archive\SCB\Box S6,4,8023,,
a1a8003e-d7eb-488b-b6b6-9f989b889636,SPS,Iteration,SPS\zz Archive\SCB\Box S4,4,8024,,
a1a8003e-d7eb-488b-b6b6-9f989b889636,SPS,Iteration,SPS\zz Archive\SCB\VP UI sprint 5 - Angular3,4,8025,,
a1a8003e-d7eb-488b-b6b6-9f989b889636,SPS,Iteration,SPS\zz Archive\SCB\Best 25,4,8026,,
a1a8003e-d7eb-488b-b6b6-9f989b889636,SPS,Iteration,SPS\zz Archive\SCB\NNX Core S18,4,8027,,
a1a8003e-d7eb-488b-b6b6-9f989b889636,SPS,Iteration,SPS\zz Archive\SCB\VP UI - Birman,4,8028,,
a1a8003e-d7eb-488b-b6b6-9f989b889636,SPS,Iteration,SPS\zz Archive\SCB\Box S14,4,8029,,
a1a8003e-d7eb-488b-b6b6-9f989b889636,SPS,Iteration,SPS\zz Archive\SCB\Vadvirág Benedek S12,4,8030,,
a1a8003e-d7eb-488b-b6b6-9f989b889636,SPS,Iteration,SPS\zz Archive\SCB\NNX Core S23,4,8031,,
a1a8003e-d7eb-488b-b6b6-9f989b889636,SPS,Iteration,SPS\zz Archive\SCB\VP UI - Maine Coon,4,8032,,
a1a8003e-d7eb-488b-b6b6-9f989b889636,SPS,Iteration,SPS\zz Archive\SCB\Box S20,4,8033,,
a1a8003e-d7eb-488b-b6b6-9f989b889636,SPS,Iteration,SPS\zz Archive\SCB\Best 27,4,8034,,
a1a8003e-d7eb-488b-b6b6-9f989b889636,SPS,Iteration,"SPS\zz Archive\SCB\Box S16 - Azure, SMTP TLS",4,8035,,
a1a8003e-d7eb-488b-b6b6-9f989b889636,SPS,Iteration,SPS\zz Archive\SCB\NNX Core S24,4,8036,,
a1a8003e-d7eb-488b-b6b6-9f989b889636,SPS,Iteration,SPS\zz Archive\SCB\Box S22,4,8037,,
a1a8003e-d7eb-488b-b6b6-9f989b889636,SPS,Iteration,SPS\zz Archive\SCB\NNX Core S25,4,8038,,
a1a8003e-d7eb-488b-b6b6-9f989b889636,SPS,Iteration,SPS\zz Archive\SCB\Best 33,4,8039,,
a1a8003e-d7eb-488b-b6b6-9f989b889636,SPS,Iteration,SPS\zz Archive\SCB\Best 11,4,8040,,
a1a8003e-d7eb-488b-b6b6-9f989b889636,SPS,Iteration,SPS\zz Archive\SCB\Best 35,4,8041,,
a1a8003e-d7eb-488b-b6b6-9f989b889636,SPS,Iteration,SPS\zz Archive\SCB\Best 42,4,8042,,
a1a8003e-d7eb-488b-b6b6-9f989b889636,SPS,Iteration,SPS\zz Archive\SCB\Vadvirág Benedek S19,4,8043,,
a1a8003e-d7eb-488b-b6b6-9f989b889636,SPS,Iteration,SPS\zz Archive\SCB\Vadvirág Benedek S20,4,8044,,
a1a8003e-d7eb-488b-b6b6-9f989b889636,SPS,Iteration,SPS\zz Archive\SCB\Box S27,4,8045,,
a1a8003e-d7eb-488b-b6b6-9f989b889636,SPS,Iteration,SPS\zz Archive\SCB\Best 45,4,8046,,
a1a8003e-d7eb-488b-b6b6-9f989b889636,SPS,Iteration,SPS\zz Archive\SCB\VP UI Sprint -20,4,8047,,
a1a8003e-d7eb-488b-b6b6-9f989b889636,SPS,Iteration,SPS\zz Archive\SCB\Best 46,4,8048,,
a1a8003e-d7eb-488b-b6b6-9f989b889636,SPS,Iteration,SPS\zz Archive\SCB\VP UI Sprint - 21,4,8049,,
a1a8003e-d7eb-488b-b6b6-9f989b889636,SPS,Iteration,SPS\zz Archive\SCB\VP UI Sprint - 22,4,8050,,
a1a8003e-d7eb-488b-b6b6-9f989b889636,SPS,Iteration,SPS\zz Archive\SCB\VP Sprint 24,4,8051,,
a1a8003e-d7eb-488b-b6b6-9f989b889636,SPS,Iteration,SPS\zz Archive\SCB\Box S25,4,8052,,
a1a8003e-d7eb-488b-b6b6-9f989b889636,SPS,Iteration,SPS\zz Archive\SCB\Box S26,4,8053,,
a1a8003e-d7eb-488b-b6b6-9f989b889636,SPS,Iteration,SPS\zz Archive\SCB\Best 36,4,8054,,
a1a8003e-d7eb-488b-b6b6-9f989b889636,SPS,Iteration,SPS\zz Archive\SCB\NNX S29,4,8056,,
a1a8003e-d7eb-488b-b6b6-9f989b889636,SPS,Iteration,SPS\zz Archive\SCB\Best 37,4,8057,,
a1a8003e-d7eb-488b-b6b6-9f989b889636,SPS,Iteration,SPS\zz Archive\SCB\Vadvirág Benedek S24,4,8058,,
a1a8003e-d7eb-488b-b6b6-9f989b889636,SPS,Iteration,SPS\zz Archive\SCB\Vadvirág Benedek S22,4,8059,,
a1a8003e-d7eb-488b-b6b6-9f989b889636,SPS,Iteration,SPS\zz Archive\SCB\Best 41,4,8060,,
a1a8003e-d7eb-488b-b6b6-9f989b889636,SPS,Iteration,SPS\zz Archive\SCB\BOX S31,4,8061,,
a1a8003e-d7eb-488b-b6b6-9f989b889636,SPS,Iteration,SPS\zz Archive\SCB\Vadvirág Benedek S25,4,8062,,
a1a8003e-d7eb-488b-b6b6-9f989b889636,SPS,Iteration,SPS\zz Archive\SCB\VP Sprint 27,4,8063,,
a1a8003e-d7eb-488b-b6b6-9f989b889636,SPS,Iteration,SPS\zz Archive\SCB\☃ Beauty 2,4,8064,,
a1a8003e-d7eb-488b-b6b6-9f989b889636,SPS,Iteration,SPS\zz Archive\SCB\Best 43,4,8065,,
a1a8003e-d7eb-488b-b6b6-9f989b889636,SPS,Iteration,SPS\zz Archive\SCB\☃ Beauty 3,4,8066,,
a1a8003e-d7eb-488b-b6b6-9f989b889636,SPS,Iteration,SPS\zz Archive\SCB\BOX S32,4,8067,,
a1a8003e-d7eb-488b-b6b6-9f989b889636,SPS,Iteration,SPS\zz Archive\SCB\BOX S37,4,8068,,
a1a8003e-d7eb-488b-b6b6-9f989b889636,SPS,Iteration,SPS\zz Archive\SCB\VP Sprint 29,4,8069,,
a1a8003e-d7eb-488b-b6b6-9f989b889636,SPS,Iteration,SPS\zz Archive\SCB\Beast 4,4,8070,,
a1a8003e-d7eb-488b-b6b6-9f989b889636,SPS,Iteration,SPS\zz Archive\SCB\Beast 5,4,8071,,
a1a8003e-d7eb-488b-b6b6-9f989b889636,SPS,Iteration,SPS\zz Archive\SCB\☃  Beauty 5,4,8072,,
a1a8003e-d7eb-488b-b6b6-9f989b889636,SPS,Iteration,SPS\zz Archive\SCB\☃ Beauty 6,4,8073,,
a1a8003e-d7eb-488b-b6b6-9f989b889636,SPS,Iteration,SPS\zz Archive\SCB\Beast 7,4,8074,,
a1a8003e-d7eb-488b-b6b6-9f989b889636,SPS,Iteration,SPS\zz Archive\SCB\VP sprint 5,4,8075,,
a1a8003e-d7eb-488b-b6b6-9f989b889636,SPS,Iteration,SPS\zz Archive\SCB\☃ Beauty 7,4,8076,,
a1a8003e-d7eb-488b-b6b6-9f989b889636,SPS,Iteration,SPS\zz Archive\SCB\Best 48,4,8077,,
a1a8003e-d7eb-488b-b6b6-9f989b889636,SPS,Iteration,SPS\zz Archive\SCB\Best model 8,4,8078,,
a1a8003e-d7eb-488b-b6b6-9f989b889636,SPS,Iteration,SPS\zz Archive\SCB\NNX Core Sprint 11,4,8079,,
a1a8003e-d7eb-488b-b6b6-9f989b889636,SPS,Iteration,SPS\zz Archive\SCB\NNX Core S19,4,8080,,
a1a8003e-d7eb-488b-b6b6-9f989b889636,SPS,Iteration,SPS\zz Archive\SCB\Vadvirág Benedek S16,4,8081,,
a1a8003e-d7eb-488b-b6b6-9f989b889636,SPS,Iteration,SPS\zz Archive\SCB\NNX Core S20,4,8082,,
a1a8003e-d7eb-488b-b6b6-9f989b889636,SPS,Iteration,SPS\zz Archive\SCB\VP Sprint 26,4,8083,,
a1a8003e-d7eb-488b-b6b6-9f989b889636,SPS,Iteration,SPS\zz Archive\SCB\Vadvirág Benedek S31,4,8084,,
a1a8003e-d7eb-488b-b6b6-9f989b889636,SPS,Iteration,SPS\zz Archive\SCB\Beast 1,4,8085,,
a1a8003e-d7eb-488b-b6b6-9f989b889636,SPS,Iteration,SPS\zz Archive\SCB\VP sprint 2,4,8086,,
a1a8003e-d7eb-488b-b6b6-9f989b889636,SPS,Iteration,SPS\zz Archive\SCB\VP sprint 1,4,8087,,
a1a8003e-d7eb-488b-b6b6-9f989b889636,SPS,Iteration,SPS\zz Archive\SCB\VP UI Sprint - 25,4,8088,,
a1a8003e-d7eb-488b-b6b6-9f989b889636,SPS,Iteration,SPS\zz Archive\SCB\VP UI Sprint - 31,4,8089,,
a1a8003e-d7eb-488b-b6b6-9f989b889636,SPS,Iteration,SPS\zz Archive\SCB\Best 18,4,8111,,
a1a8003e-d7eb-488b-b6b6-9f989b889636,SPS,Iteration,SPS\zz Archive\SCB\Vadvirág Benedek S17,4,8112,,
a1a8003e-d7eb-488b-b6b6-9f989b889636,SPS,Iteration,SPS\zz Archive\SCB\Beast 3,4,8113,,
a1a8003e-d7eb-488b-b6b6-9f989b889636,SPS,Iteration,SPS\zz Archive\SCB\Best 51,4,8114,,
a1a8003e-d7eb-488b-b6b6-9f989b889636,SPS,Iteration,SPS\zz Archive\SCB\VP UI Sprint - 23,4,8115,,
a1a8003e-d7eb-488b-b6b6-9f989b889636,SPS,Iteration,SPS\zz Archive\PL,3,8194,,
a1a8003e-d7eb-488b-b6b6-9f989b889636,SPS,Iteration,SPS\zz Archive\PL\Platform S01E11,4,8195,,
a1a8003e-d7eb-488b-b6b6-9f989b889636,SPS,Iteration,SPS\zz Archive\PL\Platform S01E12,4,8196,,
a1a8003e-d7eb-488b-b6b6-9f989b889636,SPS,Iteration,SPS\zz Archive\PL\Platform S01E13,4,8197,,
a1a8003e-d7eb-488b-b6b6-9f989b889636,SPS,Iteration,SPS\zz Archive\PL\BOX S37,4,8198,,
a1a8003e-d7eb-488b-b6b6-9f989b889636,SPS,Iteration,SPS\zz Archive\PL\Platform S01E01,4,8199,,
a1a8003e-d7eb-488b-b6b6-9f989b889636,SPS,Iteration,SPS\zz Archive\PL\Platform S01E02,4,8200,,
a1a8003e-d7eb-488b-b6b6-9f989b889636,SPS,Iteration,SPS\zz Archive\PL\Platform S01E03,4,8201,,
a1a8003e-d7eb-488b-b6b6-9f989b889636,SPS,Iteration,SPS\zz Archive\PL\Platform S01E14,4,8202,,
a1a8003e-d7eb-488b-b6b6-9f989b889636,SPS,Iteration,SPS\zz Archive\PL\Platform S01E04,4,8203,,
a1a8003e-d7eb-488b-b6b6-9f989b889636,SPS,Iteration,SPS\zz Archive\PL\Platform S01E05,4,8204,,
a1a8003e-d7eb-488b-b6b6-9f989b889636,SPS,Iteration,SPS\zz Archive\PL\Platform S01E06,4,8205,,
a1a8003e-d7eb-488b-b6b6-9f989b889636,SPS,Iteration,SPS\zz Archive\PL\Platform S01E07,4,8206,,
a1a8003e-d7eb-488b-b6b6-9f989b889636,SPS,Iteration,SPS\zz Archive\PL\Platform S01E08,4,8207,,
a1a8003e-d7eb-488b-b6b6-9f989b889636,SPS,Iteration,SPS\zz Archive\PL\Platform S01E09,4,8208,,
a1a8003e-d7eb-488b-b6b6-9f989b889636,SPS,Iteration,SPS\zz Archive\PL\Platform S01E10,4,8209,,
a1a8003e-d7eb-488b-b6b6-9f989b889636,SPS,Iteration,SPS\zz Archive\PL\Platform S01E15,4,8210,,
a1a8003e-d7eb-488b-b6b6-9f989b889636,SPS,Iteration,SPS\zz Archive\PL\Cadence 2018.02,4,8211,,
a1a8003e-d7eb-488b-b6b6-9f989b889636,SPS,Iteration,SPS\zz Archive\PL\C2018.06 S3,4,8212,,
a1a8003e-d7eb-488b-b6b6-9f989b889636,SPS,Iteration,SPS\zz Archive\PL\C2018.08 S1,4,8213,,
a1a8003e-d7eb-488b-b6b6-9f989b889636,SPS,Iteration,SPS\zz Archive\PL\C2018.04 S4 (04.09.-04.22.),4,8214,,
a1a8003e-d7eb-488b-b6b6-9f989b889636,SPS,Iteration,SPS\zz Archive\PL\C2018.06 S2,4,8215,,
a1a8003e-d7eb-488b-b6b6-9f989b889636,SPS,Iteration,SPS\zz Archive\PL\C2018.08 S2,4,8216,,
a1a8003e-d7eb-488b-b6b6-9f989b889636,SPS,Iteration,SPS\zz Archive\Kanban iterations,3,8243,,
a1a8003e-d7eb-488b-b6b6-9f989b889636,SPS,Iteration,SPS\zz Archive\Kanban iterations\Core kanban,4,7735,2020-01-01T00:00:00Z,2030-12-31T00:00:00Z
a1a8003e-d7eb-488b-b6b6-9f989b889636,SPS,Iteration,SPS\zz Archive\Kanban iterations\Integration kanban,4,7753,2020-01-01T00:00:00Z,2030-12-31T00:00:00Z
a1a8003e-d7eb-488b-b6b6-9f989b889636,SPS,Iteration,SPS\zz Archive\Indexer,3,9289,,
a1a8003e-d7eb-488b-b6b6-9f989b889636,SPS,Iteration,SPS\zz Archive\Indexer\Kanban historical,4,7820,2020-01-01T00:00:00Z,2023-03-31T00:00:00Z
a1a8003e-d7eb-488b-b6b6-9f989b889636,SPS,Iteration,SPS\zz Archive\Indexer\C2023.06.S1,4,9240,2023-04-04T00:00:00Z,2023-04-21T00:00:00Z
a1a8003e-d7eb-488b-b6b6-9f989b889636,SPS,Iteration,SPS\zz Archive\Indexer\C2023.09.S1,4,9261,2023-05-15T00:00:00Z,2023-06-09T00:00:00Z
a1a8003e-d7eb-488b-b6b6-9f989b889636,SPS,Iteration,SPS\zz Archive\Indexer\C2023.09.S2,4,9264,2023-06-12T00:00:00Z,2023-07-07T00:00:00Z
a1a8003e-d7eb-488b-b6b6-9f989b889636,SPS,Iteration,SPS\zz Archive\Indexer\C2023.09.S3,4,9265,2023-07-10T00:00:00Z,2023-08-04T00:00:00Z
